{"activityName":"com.qq.qcloud.activity.WeiyunRootActivity","appName":"腾讯微云","createTime":1725979161017,"fileId":"a310356a-4841-40fd-8a4f-314e77318230","nodes":[{"bottom":3200,"childCount":2,"className":"android.widget.FrameLayout","depth":0,"isClickable":false,"left":0,"nodeId":0,"parentId":-1,"right":1440,"top":0},{"bottom":3144,"childCount":1,"className":"android.widget.LinearLayout","depth":1,"isClickable":false,"left":0,"nodeId":1,"parentId":0,"right":1440,"top":0},{"bottom":3200,"childCount":0,"className":"android.view.View","depth":1,"isClickable":false,"left":0,"nodeId":2,"parentId":0,"right":1440,"top":3144,"viewIdResourceName":"android:id/navigationBarBackground"},{"bottom":3144,"childCount":2,"className":"android.widget.FrameLayout","depth":2,"isClickable":false,"left":0,"nodeId":3,"parentId":1,"right":1440,"top":0,"viewIdResourceName":"android:id/content"},{"bottom":3144,"childCount":0,"className":"android.widget.FrameLayout","depth":3,"isClickable":false,"left":0,"nodeId":4,"parentId":3,"right":1440,"top":0},{"bottom":3144,"childCount":1,"className":"android.widget.FrameLayout","depth":3,"isClickable":false,"left":0,"nodeId":5,"parentId":3,"right":1440,"top":0},{"bottom":3144,"childCount":4,"className":"android.widget.FrameLayout","depth":4,"isClickable":false,"left":0,"nodeId":6,"parentId":5,"right":1440,"top":0},{"bottom":3144,"childCount":0,"className":"android.widget.ImageView","depth":5,"isClickable":true,"left":0,"nodeId":7,"parentId":6,"right":1440,"top":0},{"bottom":3144,"childCount":2,"className":"android.widget.FrameLayout","depth":5,"isClickable":false,"left":0,"nodeId":8,"parentId":6,"right":1440,"top":0},{"bottom":268,"childCount":0,"className":"android.widget.ImageView","depth":5,"isClickable":false,"left":84,"nodeId":9,"parentId":6,"right":473,"top":184},{"bottom":289,"childCount":1,"className":"android.widget.LinearLayout","depth":5,"isClickable":true,"left":1223,"nodeId":10,"parentId":6,"right":1384,"top":177},{"bottom":3144,"childCount":0,"className":"android.view.View","depth":6,"isClickable":false,"left":0,"nodeId":11,"parentId":8,"right":1440,"top":2304},{"bottom":3144,"childCount":0,"className":"android.view.View","depth":6,"isClickable":false,"left":0,"nodeId":12,"parentId":8,"right":1440,"top":2304},{"bottom":289,"childCount":0,"className":"android.widget.ImageView","depth":6,"isClickable":false,"left":1223,"nodeId":13,"parentId":10,"right":1384,"top":177}],"packageName":"com.qq.qcloud","screenHeight":3200,"screenWidth":1440}