{"activityName":"com.autonavi.map.activity.NewMapActivity","appName":"高德地图","createTime":1725961085677,"fileId":"57861a13-956b-4ae1-be60-d77c33b82010","nodes":[{"bottom":3200,"childCount":2,"className":"android.widget.FrameLayout","depth":0,"isClickable":false,"left":0,"nodeId":0,"parentId":-1,"right":1440,"top":0},{"bottom":3144,"childCount":1,"className":"android.widget.LinearLayout","depth":1,"isClickable":false,"left":0,"nodeId":1,"parentId":0,"right":1440,"top":0},{"bottom":3200,"childCount":0,"className":"android.view.View","depth":1,"isClickable":false,"left":0,"nodeId":2,"parentId":0,"right":1440,"top":3144,"viewIdResourceName":"android:id/navigationBarBackground"},{"bottom":3144,"childCount":1,"className":"android.widget.FrameLayout","depth":2,"isClickable":false,"left":0,"nodeId":3,"parentId":1,"right":1440,"top":0,"viewIdResourceName":"android:id/content"},{"bottom":3144,"childCount":1,"className":"android.widget.LinearLayout","depth":3,"isClickable":false,"left":0,"nodeId":4,"parentId":3,"right":1440,"top":0,"viewIdResourceName":"com.autonavi.minimap:id/root_view"},{"bottom":3144,"childCount":8,"className":"android.widget.FrameLayout","depth":4,"isClickable":false,"left":0,"nodeId":5,"parentId":4,"right":1440,"top":0,"viewIdResourceName":"com.autonavi.minimap:id/fl_content_view"},{"bottom":3144,"childCount":1,"className":"android.widget.FrameLayout","depth":5,"isClickable":false,"left":0,"nodeId":6,"parentId":5,"right":1440,"top":0,"viewIdResourceName":"com.autonavi.minimap:id/map_container"},{"bottom":3144,"childCount":0,"className":"android.widget.FrameLayout","depth":5,"isClickable":false,"left":0,"nodeId":7,"parentId":5,"right":1440,"top":0,"viewIdResourceName":"com.autonavi.minimap:id/temporary_layer"},{"bottom":3144,"childCount":1,"className":"android.widget.RelativeLayout","depth":5,"isClickable":false,"left":0,"nodeId":8,"parentId":5,"right":1440,"top":0},{"bottom":3144,"childCount":0,"className":"android.widget.RelativeLayout","depth":5,"isClickable":false,"left":0,"nodeId":9,"parentId":5,"right":1440,"top":0,"viewIdResourceName":"com.autonavi.minimap:id/floating_layer"},{"bottom":3144,"childCount":0,"className":"android.widget.RelativeLayout","depth":5,"isClickable":false,"left":0,"nodeId":10,"parentId":5,"right":1440,"top":0,"viewIdResourceName":"com.autonavi.minimap:id/vui_layer"},{"bottom":3144,"childCount":1,"className":"android.widget.FrameLayout","depth":5,"isClickable":false,"left":0,"nodeId":11,"parentId":5,"right":1440,"top":0,"viewIdResourceName":"com.autonavi.minimap:id/fragment_container"},{"bottom":3144,"childCount":1,"className":"android.widget.FrameLayout","depth":5,"isClickable":false,"left":0,"nodeId":12,"parentId":5,"right":1440,"top":0,"viewIdResourceName":"com.autonavi.minimap:id/fl_splash_container"},{"bottom":3144,"childCount":2,"className":"android.widget.FrameLayout","depth":5,"isClickable":false,"left":0,"nodeId":13,"parentId":5,"right":1440,"top":120,"viewIdResourceName":"com.autonavi.minimap:id/widget_container"},{"bottom":3144,"childCount":1,"className":"android.widget.FrameLayout","depth":6,"isClickable":false,"left":0,"nodeId":14,"parentId":6,"right":1440,"top":0,"viewIdResourceName":"com.autonavi.minimap:id/atmapsView"},{"bottom":3144,"childCount":0,"className":"android.widget.FrameLayout","depth":6,"isClickable":false,"left":0,"nodeId":15,"parentId":8,"right":1440,"top":0,"viewIdResourceName":"com.autonavi.minimap:id/notification_layer"},{"bottom":3144,"childCount":1,"className":"android.widget.FrameLayout","depth":6,"isClickable":false,"left":0,"nodeId":16,"parentId":11,"right":1440,"top":0},{"bottom":3144,"childCount":3,"className":"android.widget.FrameLayout","depth":6,"isClickable":true,"left":0,"nodeId":17,"parentId":12,"right":1440,"top":0},{"bottom":120,"childCount":0,"className":"android.widget.LinearLayout","depth":6,"isClickable":false,"left":0,"nodeId":18,"parentId":13,"right":1440,"top":120},{"bottom":3144,"childCount":5,"className":"android.widget.RelativeLayout","depth":6,"isClickable":false,"left":0,"nodeId":19,"parentId":13,"right":1440,"top":120,"viewIdResourceName":"com.autonavi.minimap:id/map_widget_container"},{"bottom":3144,"childCount":0,"className":"android.view.View","depth":7,"isClickable":false,"left":0,"nodeId":20,"parentId":14,"right":1440,"top":0},{"bottom":3144,"childCount":2,"className":"android.widget.FrameLayout","depth":7,"isClickable":false,"left":0,"nodeId":21,"parentId":16,"right":1440,"top":0},{"bottom":3144,"childCount":0,"className":"android.view.View","depth":7,"isClickable":false,"left":0,"nodeId":22,"parentId":17,"right":1440,"top":0},{"bottom":3144,"childCount":0,"className":"android.widget.ImageView","depth":7,"isClickable":false,"left":0,"nodeId":23,"parentId":17,"right":1440,"top":0},{"bottom":3144,"childCount":2,"className":"android.widget.RelativeLayout","depth":7,"isClickable":true,"left":0,"nodeId":24,"parentId":17,"right":1440,"top":0},{"bottom":667,"childCount":2,"className":"android.widget.LinearLayout","depth":7,"isClickable":true,"left":1269,"nodeId":25,"parentId":19,"right":1439,"top":137},{"bottom":803,"childCount":1,"className":"android.widget.RelativeLayout","depth":7,"isClickable":true,"left":1281,"nodeId":26,"parentId":19,"right":1421,"top":663},{"bottom":1519,"childCount":1,"className":"android.widget.FrameLayout","depth":7,"isClickable":true,"left":1263,"nodeId":27,"parentId":19,"right":1439,"top":1343},{"bottom":1694,"childCount":1,"className":"android.widget.FrameLayout","depth":7,"isClickable":true,"left":1264,"nodeId":28,"parentId":19,"right":1439,"top":1519},{"bottom":1887,"childCount":1,"className":"android.widget.FrameLayout","depth":7,"isClickable":true,"left":1264,"nodeId":29,"parentId":19,"right":1439,"top":1694},{"bottom":3144,"childCount":2,"className":"android.widget.FrameLayout","depth":8,"isClickable":false,"left":0,"nodeId":30,"parentId":21,"right":1440,"top":0},{"bottom":3144,"childCount":1,"className":"android.widget.LinearLayout","depth":8,"isClickable":true,"left":0,"nodeId":31,"parentId":21,"right":1440,"top":2948},{"bottom":427,"childCount":1,"className":"android.widget.RelativeLayout","depth":8,"isClickable":false,"left":0,"nodeId":32,"parentId":24,"right":1440,"top":120},{"bottom":3144,"childCount":1,"className":"android.widget.LinearLayout","depth":8,"isClickable":false,"left":0,"nodeId":33,"parentId":24,"right":1440,"top":427},{"bottom":667,"childCount":3,"className":"android.widget.ListView","depth":8,"isClickable":false,"left":1269,"nodeId":34,"parentId":25,"right":1439,"top":137},{"bottom":667,"childCount":0,"className":"android.widget.FrameLayout","depth":8,"isClickable":false,"left":1269,"nodeId":35,"parentId":25,"right":1269,"top":137},{"bottom":803,"childCount":1,"className":"android.widget.LinearLayout","depth":8,"isClickable":false,"left":1281,"nodeId":36,"parentId":26,"right":1421,"top":663,"viewIdResourceName":"com.autonavi.minimap:id/bussiness_position_container"},{"bottom":1501,"childCount":1,"className":"android.widget.ImageSwitcher","depth":8,"isClickable":false,"left":1281,"nodeId":37,"parentId":27,"right":1421,"top":1361,"viewIdResourceName":"com.autonavi.minimap:id/compass_img_switcher"},{"bottom":1694,"childCount":1,"className":"android.widget.LinearLayout","depth":8,"isClickable":false,"left":1264,"nodeId":38,"parentId":28,"right":1439,"top":1519},{"bottom":1859,"childCount":2,"className":"android.widget.LinearLayout","depth":8,"isClickable":false,"left":1282,"nodeId":39,"parentId":29,"right":1422,"top":1719},{"bottom":0,"childCount":0,"className":"android.widget.FrameLayout","depth":9,"isClickable":false,"left":0,"nodeId":40,"parentId":30,"right":1440,"top":0,"viewIdResourceName":"com.autonavi.minimap:id/slidecontainer_top_lottie_view_content"},{"bottom":3144,"childCount":2,"className":"android.view.ViewGroup","depth":9,"isClickable":false,"left":0,"nodeId":41,"parentId":30,"right":1440,"top":0,"viewIdResourceName":"com.autonavi.minimap:id/quickservice"},{"bottom":3144,"childCount":5,"className":"android.widget.LinearLayout","depth":9,"isClickable":false,"left":0,"nodeId":42,"parentId":31,"right":1440,"top":2969},{"bottom":330,"childCount":2,"className":"android.widget.LinearLayout","depth":9,"isClickable":true,"left":1166,"nodeId":43,"parentId":32,"right":1382,"top":216},{"bottom":3144,"childCount":1,"className":"android.widget.LinearLayout","depth":9,"isClickable":false,"left":0,"nodeId":44,"parentId":33,"right":1440,"top":2572},{"bottom":322,"childCount":1,"className":"android.widget.RelativeLayout","depth":9,"isClickable":true,"left":1287,"nodeId":45,"parentId":34,"right":1421,"top":162},{"bottom":482,"childCount":2,"className":"android.widget.RelativeLayout","depth":9,"isClickable":true,"left":1287,"nodeId":46,"parentId":34,"right":1421,"top":322},{"bottom":642,"childCount":2,"className":"android.widget.RelativeLayout","depth":9,"isClickable":true,"left":1287,"nodeId":47,"parentId":34,"right":1421,"top":482},{"bottom":803,"childCount":0,"className":"android.widget.ImageView","depth":9,"isClickable":false,"left":1281,"nodeId":48,"parentId":36,"right":1421,"top":663,"viewIdResourceName":"com.autonavi.minimap:id/bussiness_position_icon"},{"bottom":1473,"childCount":0,"className":"android.widget.ImageView","depth":9,"isClickable":false,"left":1309,"nodeId":49,"parentId":37,"right":1393,"top":1389},{"bottom":1694,"childCount":1,"className":"android.widget.FrameLayout","depth":9,"isClickable":false,"left":1264,"nodeId":50,"parentId":38,"right":1439,"top":1519},{"bottom":1810,"childCount":0,"className":"android.widget.ImageView","depth":9,"isClickable":false,"left":1310,"nodeId":51,"parentId":39,"right":1394,"top":1726,"viewIdResourceName":"com.autonavi.minimap:id/route_line_icon"},{"bottom":1852,"childCount":0,"className":"android.widget.TextView","depth":9,"isClickable":false,"left":1321,"nodeId":52,"parentId":39,"right":1383,"text":"路线","top":1810,"viewIdResourceName":"com.autonavi.minimap:id/route_line_name"},{"bottom":2682,"childCount":0,"className":"android.view.View","depth":10,"isClickable":false,"left":0,"nodeId":53,"parentId":41,"right":1440,"top":0,"viewIdResourceName":"com.autonavi.minimap:id/slide_shadow_layer"},{"bottom":3144,"childCount":1,"className":"android.widget.RelativeLayout","depth":10,"isClickable":false,"left":0,"nodeId":54,"parentId":41,"right":1440,"top":1887},{"bottom":3144,"childCount":3,"className":"android.widget.RelativeLayout","depth":10,"isClickable":true,"left":0,"nodeId":55,"parentId":42,"right":288,"top":2969,"viewIdResourceName":"com.autonavi.minimap:id/tab_bar_item_parent"},{"bottom":3144,"childCount":3,"className":"android.widget.RelativeLayout","depth":10,"isClickable":true,"left":288,"nodeId":56,"parentId":42,"right":576,"top":2969,"viewIdResourceName":"com.autonavi.minimap:id/tab_bar_item_parent"},{"bottom":3144,"childCount":3,"className":"android.widget.RelativeLayout","depth":10,"isClickable":true,"left":576,"nodeId":57,"parentId":42,"right":864,"top":2969,"viewIdResourceName":"com.autonavi.minimap:id/tab_bar_item_parent"},{"bottom":3144,"childCount":3,"className":"android.widget.RelativeLayout","depth":10,"isClickable":true,"left":864,"nodeId":58,"parentId":42,"right":1152,"top":2969,"viewIdResourceName":"com.autonavi.minimap:id/tab_bar_item_parent"},{"bottom":3144,"childCount":3,"className":"android.widget.RelativeLayout","depth":10,"isClickable":true,"left":1152,"nodeId":59,"parentId":42,"right":1440,"top":2969,"viewIdResourceName":"com.autonavi.minimap:id/tab_bar_item_parent"},{"bottom":307,"childCount":0,"className":"android.widget.TextView","depth":10,"isClickable":false,"left":1204,"nodeId":60,"parentId":43,"right":1232,"text":"2","top":239},{"bottom":307,"childCount":0,"className":"android.widget.TextView","depth":10,"isClickable":false,"left":1244,"nodeId":61,"parentId":43,"right":1344,"text":"跳过","top":239},{"bottom":2787,"childCount":1,"className":"android.widget.FrameLayout","depth":10,"isClickable":true,"left":140,"nodeId":62,"parentId":44,"right":1300,"top":2572},{"bottom":308,"childCount":2,"className":"android.widget.RelativeLayout","depth":10,"isClickable":false,"left":1287,"nodeId":63,"parentId":45,"right":1421,"top":176,"viewIdResourceName":"com.autonavi.minimap:id/widget_item_container"},{"bottom":324,"childCount":0,"className":"android.view.View","depth":10,"isClickable":false,"left":1312,"nodeId":64,"parentId":46,"right":1396,"top":322,"viewIdResourceName":"com.autonavi.minimap:id/widget_split_line"},{"bottom":468,"childCount":2,"className":"android.widget.RelativeLayout","depth":10,"isClickable":false,"left":1287,"nodeId":65,"parentId":46,"right":1421,"top":336,"viewIdResourceName":"com.autonavi.minimap:id/widget_item_container"},{"bottom":484,"childCount":0,"className":"android.view.View","depth":10,"isClickable":false,"left":1312,"nodeId":66,"parentId":47,"right":1396,"top":482,"viewIdResourceName":"com.autonavi.minimap:id/widget_split_line"},{"bottom":628,"childCount":2,"className":"android.widget.RelativeLayout","depth":10,"isClickable":false,"left":1287,"nodeId":67,"parentId":47,"right":1421,"top":496,"viewIdResourceName":"com.autonavi.minimap:id/widget_item_container"},{"bottom":1694,"childCount":0,"className":"android.widget.ImageView","depth":10,"isClickable":false,"left":1264,"nodeId":68,"parentId":50,"right":1439,"top":1519,"viewIdResourceName":"com.autonavi.minimap:id/gps_img"},{"bottom":3144,"childCount":3,"className":"android.widget.RelativeLayout","depth":11,"isClickable":false,"left":0,"nodeId":69,"parentId":54,"right":1440,"top":1887},{"bottom":3088,"childCount":1,"className":"android.widget.FrameLayout","depth":11,"isClickable":false,"left":91,"nodeId":70,"parentId":55,"right":196,"top":2983,"viewIdResourceName":"com.autonavi.minimap:id/icon_img"},{"bottom":2994,"childCount":0,"className":"android.view.View","depth":11,"isClickable":false,"left":109,"nodeId":71,"parentId":55,"right":179,"top":2980,"viewIdResourceName":"com.autonavi.minimap:id/tab_icon"},{"bottom":3126,"childCount":0,"className":"android.widget.TextView","depth":11,"isClickable":false,"left":109,"nodeId":72,"parentId":55,"right":179,"text":"首页","top":3079,"viewIdResourceName":"com.autonavi.minimap:id/tab_name_v2"},{"bottom":3088,"childCount":1,"className":"android.widget.FrameLayout","depth":11,"isClickable":false,"left":379,"nodeId":73,"parentId":56,"right":484,"top":2983,"viewIdResourceName":"com.autonavi.minimap:id/icon_img"},{"bottom":2994,"childCount":0,"className":"android.view.View","depth":11,"isClickable":false,"left":397,"nodeId":74,"parentId":56,"right":467,"top":2980,"viewIdResourceName":"com.autonavi.minimap:id/tab_icon"},{"bottom":3126,"childCount":0,"className":"android.widget.TextView","depth":11,"isClickable":false,"left":397,"nodeId":75,"parentId":56,"right":467,"text":"附近","top":3079,"viewIdResourceName":"com.autonavi.minimap:id/tab_name_v2"},{"bottom":3088,"childCount":1,"className":"android.widget.FrameLayout","depth":11,"isClickable":false,"left":667,"nodeId":76,"parentId":57,"right":772,"top":2983,"viewIdResourceName":"com.autonavi.minimap:id/icon_img"},{"bottom":2994,"childCount":0,"className":"android.view.View","depth":11,"isClickable":false,"left":685,"nodeId":77,"parentId":57,"right":755,"top":2980,"viewIdResourceName":"com.autonavi.minimap:id/tab_icon"},{"bottom":3126,"childCount":0,"className":"android.widget.TextView","depth":11,"isClickable":false,"left":685,"nodeId":78,"parentId":57,"right":755,"text":"消息","top":3079,"viewIdResourceName":"com.autonavi.minimap:id/tab_name_v2"},{"bottom":3088,"childCount":1,"className":"android.widget.FrameLayout","depth":11,"isClickable":false,"left":955,"nodeId":79,"parentId":58,"right":1060,"top":2983,"viewIdResourceName":"com.autonavi.minimap:id/icon_img"},{"bottom":2994,"childCount":0,"className":"android.view.View","depth":11,"isClickable":false,"left":973,"nodeId":80,"parentId":58,"right":1043,"top":2980,"viewIdResourceName":"com.autonavi.minimap:id/tab_icon"},{"bottom":3126,"childCount":0,"className":"android.widget.TextView","depth":11,"isClickable":false,"left":973,"nodeId":81,"parentId":58,"right":1043,"text":"打车","top":3079,"viewIdResourceName":"com.autonavi.minimap:id/tab_name_v2"},{"bottom":3088,"childCount":1,"className":"android.widget.FrameLayout","depth":11,"isClickable":false,"left":1243,"nodeId":82,"parentId":59,"right":1348,"top":2983,"viewIdResourceName":"com.autonavi.minimap:id/icon_img"},{"bottom":2994,"childCount":0,"className":"android.view.View","depth":11,"isClickable":false,"left":1261,"nodeId":83,"parentId":59,"right":1331,"top":2980,"viewIdResourceName":"com.autonavi.minimap:id/tab_icon"},{"bottom":3126,"childCount":0,"className":"android.widget.TextView","depth":11,"isClickable":false,"left":1261,"nodeId":84,"parentId":59,"right":1331,"text":"我的","top":3079,"viewIdResourceName":"com.autonavi.minimap:id/tab_name_v2"},{"bottom":2787,"childCount":2,"className":"android.widget.LinearLayout","depth":11,"isClickable":false,"left":140,"nodeId":85,"parentId":62,"right":1300,"top":2572},{"bottom":260,"childCount":0,"className":"android.widget.ImageView","depth":11,"isClickable":false,"left":1312,"nodeId":86,"parentId":63,"right":1396,"top":176,"viewIdResourceName":"com.autonavi.minimap:id/widget_img"},{"bottom":308,"childCount":0,"className":"android.widget.TextView","depth":11,"isClickable":false,"left":1322,"nodeId":87,"parentId":63,"right":1386,"text":"消息","top":260,"viewIdResourceName":"com.autonavi.minimap:id/widget_desc"},{"bottom":420,"childCount":0,"className":"android.widget.ImageView","depth":11,"isClickable":false,"left":1312,"nodeId":88,"parentId":65,"right":1396,"top":336,"viewIdResourceName":"com.autonavi.minimap:id/widget_img"},{"bottom":468,"childCount":0,"className":"android.widget.TextView","depth":11,"isClickable":false,"left":1322,"nodeId":89,"parentId":65,"right":1386,"text":"图层","top":420,"viewIdResourceName":"com.autonavi.minimap:id/widget_desc"},{"bottom":580,"childCount":0,"className":"android.widget.ImageView","depth":11,"isClickable":false,"left":1312,"nodeId":90,"parentId":67,"right":1396,"top":496,"viewIdResourceName":"com.autonavi.minimap:id/widget_img"},{"bottom":628,"childCount":0,"className":"android.widget.TextView","depth":11,"isClickable":false,"left":1322,"nodeId":91,"parentId":67,"right":1386,"text":"反馈","top":580,"viewIdResourceName":"com.autonavi.minimap:id/widget_desc"},{"bottom":1929,"childCount":0,"className":"android.view.View","depth":12,"isClickable":true,"left":615,"nodeId":92,"parentId":69,"right":825,"top":1887},{"bottom":2174,"childCount":2,"className":"android.widget.FrameLayout","depth":12,"isClickable":false,"left":0,"nodeId":93,"parentId":69,"right":1440,"top":1929,"viewIdResourceName":"com.autonavi.minimap:id/slidecontainer_header"},{"bottom":3144,"childCount":1,"className":"android.widget.ScrollView","depth":12,"isClickable":false,"left":0,"nodeId":94,"parentId":69,"right":1440,"top":2113,"viewIdResourceName":"com.autonavi.minimap:id/home_scroll_view"},{"bottom":3088,"childCount":0,"className":"android.widget.ImageView","depth":12,"isClickable":false,"left":91,"nodeId":95,"parentId":70,"right":196,"top":2983,"viewIdResourceName":"com.autonavi.minimap:id/tab_img"},{"bottom":3088,"childCount":0,"className":"android.widget.ImageView","depth":12,"isClickable":false,"left":379,"nodeId":96,"parentId":73,"right":484,"top":2983,"viewIdResourceName":"com.autonavi.minimap:id/tab_img"},{"bottom":3088,"childCount":0,"className":"android.widget.ImageView","depth":12,"isClickable":false,"left":667,"nodeId":97,"parentId":76,"right":772,"top":2983,"viewIdResourceName":"com.autonavi.minimap:id/tab_img"},{"bottom":3088,"childCount":0,"className":"android.widget.ImageView","depth":12,"isClickable":false,"left":955,"nodeId":98,"parentId":79,"right":1060,"top":2983,"viewIdResourceName":"com.autonavi.minimap:id/tab_img"},{"bottom":3088,"childCount":0,"className":"android.widget.ImageView","depth":12,"isClickable":false,"left":1243,"nodeId":99,"parentId":82,"right":1348,"top":2983,"viewIdResourceName":"com.autonavi.minimap:id/tab_img"},{"bottom":2723,"childCount":0,"className":"android.widget.TextView","depth":12,"isClickable":false,"left":337,"nodeId":100,"parentId":85,"right":1052,"text":"点击跳转页面或三方应用","top":2636,"viewIdResourceName":"com.autonavi.minimap:id/id_tv"},{"bottom":2698,"childCount":0,"className":"android.widget.ImageView","depth":12,"isClickable":false,"left":1083,"nodeId":101,"parentId":85,"right":1102,"top":2660,"viewIdResourceName":"com.autonavi.minimap:id/id_arrow"},{"bottom":2174,"childCount":1,"className":"android.widget.LinearLayout","depth":13,"isClickable":false,"left":0,"nodeId":102,"parentId":93,"right":1440,"top":1929,"viewIdResourceName":"com.autonavi.minimap:id/maphome_searchbar_container"},{"bottom":2160,"childCount":0,"className":"android.view.View","depth":13,"isClickable":false,"left":0,"nodeId":103,"parentId":93,"right":1440,"top":2146,"viewIdResourceName":"com.autonavi.minimap:id/searchbar_divider"},{"bottom":3144,"childCount":1,"className":"android.widget.FrameLayout","depth":13,"isClickable":false,"left":0,"nodeId":104,"parentId":94,"right":1440,"top":2113},{"bottom":2146,"childCount":4,"className":"android.widget.LinearLayout","depth":14,"isClickable":true,"left":28,"nodeId":105,"parentId":102,"right":1412,"top":1957,"viewIdResourceName":"com.autonavi.minimap:id/maphome_searchbar_bg"},{"bottom":3144,"childCount":1,"className":"android.widget.FrameLayout","depth":14,"isClickable":false,"left":0,"nodeId":106,"parentId":104,"right":1440,"top":2113},{"bottom":2095,"childCount":0,"className":"android.widget.ImageView","depth":15,"isClickable":false,"left":70,"nodeId":107,"parentId":105,"right":154,"top":2011},{"bottom":2090,"childCount":2,"className":"android.widget.LinearLayout","depth":15,"isClickable":false,"left":182,"nodeId":108,"parentId":105,"right":1132,"top":2015,"viewIdResourceName":"com.autonavi.minimap:id/layout_searchbar_content"},{"bottom":2095,"childCount":0,"className":"android.widget.ImageView","depth":15,"isClickable":true,"left":1146,"nodeId":109,"parentId":105,"right":1230,"top":2011,"viewIdResourceName":"com.autonavi.minimap:id/btn_qrscan"},{"bottom":2116,"childCount":1,"className":"android.widget.RelativeLayout","depth":15,"isClickable":true,"left":1265,"nodeId":110,"parentId":105,"right":1391,"top":1990,"viewIdResourceName":"com.autonavi.minimap:id/btn_voice"},{"bottom":3144,"childCount":3,"className":"android.widget.LinearLayout","depth":15,"isClickable":false,"left":0,"nodeId":111,"parentId":106,"right":1440,"top":2113},{"bottom":2090,"childCount":0,"className":"android.widget.TextView","depth":16,"isClickable":false,"left":182,"nodeId":112,"parentId":108,"right":742,"text":"查找地点、公交、地铁","top":2015,"viewIdResourceName":"com.autonavi.minimap:id/txt_hotword"},{"bottom":2086,"childCount":0,"className":"android.widget.ImageView","depth":16,"isClickable":false,"left":756,"nodeId":113,"parentId":108,"right":823,"top":2019,"viewIdResourceName":"com.autonavi.minimap:id/img_hotword_icon"},{"bottom":2109,"childCount":1,"className":"android.widget.LinearLayout","depth":16,"isClickable":false,"left":1265,"nodeId":114,"parentId":110,"right":1377,"top":1997},{"bottom":2393,"childCount":6,"className":"android.widget.LinearLayout","depth":16,"isClickable":false,"left":0,"nodeId":115,"parentId":111,"right":1440,"top":2141},{"bottom":2607,"childCount":6,"className":"android.widget.LinearLayout","depth":16,"isClickable":false,"left":0,"nodeId":116,"parentId":111,"right":1440,"top":2393},{"bottom":3111,"childCount":1,"className":"android.widget.LinearLayout","depth":16,"isClickable":false,"left":0,"nodeId":117,"parentId":111,"right":1440,"top":2663},{"bottom":2109,"childCount":0,"className":"android.view.View","depth":17,"isClickable":false,"left":1265,"nodeId":118,"parentId":114,"right":1377,"top":1997},{"bottom":2393,"childCount":2,"className":"android.widget.LinearLayout","depth":17,"isClickable":true,"left":42,"nodeId":119,"parentId":115,"right":311,"top":2141},{"bottom":2393,"childCount":2,"className":"android.widget.LinearLayout","depth":17,"isClickable":true,"left":311,"nodeId":120,"parentId":115,"right":580,"top":2141},{"bottom":2393,"childCount":2,"className":"android.widget.LinearLayout","depth":17,"isClickable":true,"left":580,"nodeId":121,"parentId":115,"right":849,"top":2141},{"bottom":2393,"childCount":2,"className":"android.widget.LinearLayout","depth":17,"isClickable":true,"left":849,"nodeId":122,"parentId":115,"right":1119,"top":2141},{"bottom":2393,"childCount":2,"className":"android.widget.LinearLayout","depth":17,"isClickable":true,"left":1119,"nodeId":123,"parentId":115,"right":1389,"top":2141},{"bottom":2351,"childCount":0,"className":"android.view.View","depth":17,"isClickable":false,"left":1389,"nodeId":124,"parentId":115,"right":1391,"top":2141},{"bottom":2607,"childCount":2,"className":"android.widget.LinearLayout","depth":17,"isClickable":true,"left":42,"nodeId":125,"parentId":116,"right":311,"top":2393},{"bottom":2607,"childCount":2,"className":"android.widget.LinearLayout","depth":17,"isClickable":true,"left":311,"nodeId":126,"parentId":116,"right":580,"top":2393},{"bottom":2607,"childCount":2,"className":"android.widget.LinearLayout","depth":17,"isClickable":true,"left":580,"nodeId":127,"parentId":116,"right":849,"top":2393},{"bottom":2607,"childCount":2,"className":"android.widget.LinearLayout","depth":17,"isClickable":true,"left":849,"nodeId":128,"parentId":116,"right":1119,"top":2393},{"bottom":2607,"childCount":2,"className":"android.widget.LinearLayout","depth":17,"isClickable":true,"left":1119,"nodeId":129,"parentId":116,"right":1389,"top":2393},{"bottom":2607,"childCount":0,"className":"android.view.View","depth":17,"isClickable":false,"left":1389,"nodeId":130,"parentId":116,"right":1391,"top":2393},{"bottom":3111,"childCount":3,"className":"android.widget.LinearLayout","depth":17,"isClickable":false,"left":28,"nodeId":131,"parentId":117,"right":1412,"top":2691},{"bottom":2351,"childCount":0,"className":"android.widget.ImageView","depth":18,"isClickable":false,"left":71,"nodeId":132,"parentId":119,"right":281,"top":2141},{"bottom":2393,"childCount":0,"className":"android.view.View","depth":18,"isClickable":false,"left":92,"nodeId":133,"parentId":119,"right":260,"top":2330},{"bottom":2351,"childCount":0,"className":"android.widget.ImageView","depth":18,"isClickable":false,"left":340,"nodeId":134,"parentId":120,"right":550,"top":2141},{"bottom":2393,"childCount":0,"className":"android.view.View","depth":18,"isClickable":false,"left":361,"nodeId":135,"parentId":120,"right":529,"top":2330},{"bottom":2351,"childCount":0,"className":"android.widget.ImageView","depth":18,"isClickable":false,"left":609,"nodeId":136,"parentId":121,"right":819,"top":2141},{"bottom":2393,"childCount":0,"className":"android.view.View","depth":18,"isClickable":false,"left":672,"nodeId":137,"parentId":121,"right":756,"top":2330},{"bottom":2351,"childCount":0,"className":"android.widget.ImageView","depth":18,"isClickable":false,"left":879,"nodeId":138,"parentId":122,"right":1089,"top":2141},{"bottom":2393,"childCount":0,"className":"android.view.View","depth":18,"isClickable":false,"left":942,"nodeId":139,"parentId":122,"right":1026,"top":2330},{"bottom":2351,"childCount":0,"className":"android.widget.ImageView","depth":18,"isClickable":false,"left":1149,"nodeId":140,"parentId":123,"right":1359,"top":2141},{"bottom":2393,"childCount":0,"className":"android.view.View","depth":18,"isClickable":false,"left":1191,"nodeId":141,"parentId":123,"right":1317,"top":2330},{"bottom":2544,"childCount":0,"className":"android.widget.ImageView","depth":18,"isClickable":false,"left":113,"nodeId":142,"parentId":125,"right":239,"top":2418},{"bottom":2607,"childCount":0,"className":"android.view.View","depth":18,"isClickable":false,"left":71,"nodeId":143,"parentId":125,"right":281,"top":2544},{"bottom":2544,"childCount":0,"className":"android.widget.ImageView","depth":18,"isClickable":false,"left":382,"nodeId":144,"parentId":126,"right":508,"top":2418},{"bottom":2607,"childCount":0,"className":"android.view.View","depth":18,"isClickable":false,"left":361,"nodeId":145,"parentId":126,"right":529,"top":2544},{"bottom":2544,"childCount":0,"className":"android.widget.ImageView","depth":18,"isClickable":false,"left":651,"nodeId":146,"parentId":127,"right":777,"top":2418},{"bottom":2607,"childCount":0,"className":"android.view.View","depth":18,"isClickable":false,"left":672,"nodeId":147,"parentId":127,"right":756,"top":2544},{"bottom":2544,"childCount":0,"className":"android.widget.ImageView","depth":18,"isClickable":false,"left":921,"nodeId":148,"parentId":128,"right":1047,"top":2418},{"bottom":2607,"childCount":0,"className":"android.view.View","depth":18,"isClickable":false,"left":921,"nodeId":149,"parentId":128,"right":1047,"top":2544},{"bottom":2544,"childCount":0,"className":"android.widget.ImageView","depth":18,"isClickable":false,"left":1191,"nodeId":150,"parentId":129,"right":1317,"top":2418},{"bottom":2607,"childCount":0,"className":"android.view.View","depth":18,"isClickable":false,"left":1170,"nodeId":151,"parentId":129,"right":1338,"top":2544},{"bottom":2887,"childCount":4,"className":"android.widget.LinearLayout","depth":18,"isClickable":true,"left":28,"nodeId":152,"parentId":131,"right":719,"top":2691},{"bottom":2824,"childCount":0,"className":"android.view.View","depth":18,"isClickable":false,"left":719,"nodeId":153,"parentId":131,"right":721,"top":2768},{"bottom":2887,"childCount":4,"className":"android.widget.LinearLayout","depth":18,"isClickable":true,"left":721,"nodeId":154,"parentId":131,"right":1412,"top":2691},{"bottom":2831,"childCount":0,"className":"android.widget.ImageView","depth":19,"isClickable":false,"left":70,"nodeId":155,"parentId":152,"right":154,"top":2747},{"bottom":2824,"childCount":0,"className":"android.view.View","depth":19,"isClickable":false,"left":182,"nodeId":156,"parentId":152,"right":280,"top":2754},{"bottom":2887,"childCount":0,"className":"android.view.View","depth":19,"isClickable":false,"left":280,"nodeId":157,"parentId":152,"right":677,"top":2691},{"bottom":2789,"childCount":0,"className":"android.view.View","depth":19,"isClickable":false,"left":677,"nodeId":158,"parentId":152,"right":677,"top":2789},{"bottom":2831,"childCount":0,"className":"android.widget.ImageView","depth":19,"isClickable":false,"left":763,"nodeId":159,"parentId":154,"right":847,"top":2747},{"bottom":2824,"childCount":0,"className":"android.view.View","depth":19,"isClickable":false,"left":875,"nodeId":160,"parentId":154,"right":1022,"top":2754},{"bottom":2887,"childCount":0,"className":"android.view.View","depth":19,"isClickable":false,"left":1022,"nodeId":161,"parentId":154,"right":1370,"top":2691},{"bottom":2789,"childCount":0,"className":"android.view.View","depth":19,"isClickable":false,"left":1370,"nodeId":162,"parentId":154,"right":1370,"top":2789}],"packageName":"com.autonavi.minimap","screenHeight":3200,"screenWidth":1440}