{"activityName":"com.coolapk.market.view.main.MainActivity","appName":"酷安","createTime":1726124905256,"fileId":"92e729ea-dd19-4384-93af-ec7581f306cf","nodes":[{"bottom":3200,"childCount":2,"className":"android.widget.FrameLayout","depth":0,"isClickable":false,"left":0,"nodeId":0,"parentId":-1,"right":1440,"top":0},{"bottom":3200,"childCount":1,"className":"android.widget.LinearLayout","depth":1,"isClickable":false,"left":0,"nodeId":1,"parentId":0,"right":1440,"top":0},{"bottom":120,"childCount":0,"className":"android.view.View","depth":1,"isClickable":false,"left":0,"nodeId":2,"parentId":0,"right":1440,"top":0,"viewIdResourceName":"com.coolapk.market:id/fake_decor_status_bar"},{"bottom":3200,"childCount":1,"className":"android.widget.FrameLayout","depth":2,"isClickable":false,"left":0,"nodeId":3,"parentId":1,"right":1440,"top":0},{"bottom":3200,"childCount":1,"className":"android.widget.LinearLayout","depth":3,"isClickable":false,"left":0,"nodeId":4,"parentId":3,"right":1440,"top":0,"viewIdResourceName":"com.coolapk.market:id/action_bar_root"},{"bottom":3200,"childCount":3,"className":"android.widget.FrameLayout","depth":4,"isClickable":false,"left":0,"nodeId":5,"parentId":4,"right":1440,"top":0,"viewIdResourceName":"android:id/content"},{"bottom":3200,"childCount":1,"className":"android.widget.FrameLayout","depth":5,"isClickable":false,"left":0,"nodeId":6,"parentId":5,"right":1440,"top":0,"viewIdResourceName":"com.coolapk.market:id/content_view"},{"bottom":3200,"childCount":1,"className":"android.widget.FrameLayout","depth":5,"isClickable":false,"left":0,"nodeId":7,"parentId":5,"right":1440,"top":0,"viewIdResourceName":"com.coolapk.market:id/main_splash_ad"},{"bottom":120,"childCount":0,"className":"android.view.View","depth":5,"isClickable":false,"left":0,"nodeId":8,"parentId":5,"right":1440,"top":0,"viewIdResourceName":"com.coolapk.market:id/fake_content_status_bar"},{"bottom":3200,"childCount":1,"className":"android.widget.FrameLayout","depth":6,"isClickable":false,"left":0,"nodeId":9,"parentId":6,"right":1440,"top":0,"viewIdResourceName":"com.coolapk.market:id/main_content"},{"bottom":3200,"childCount":1,"className":"android.widget.FrameLayout","depth":6,"isClickable":false,"left":0,"nodeId":10,"parentId":7,"right":1440,"top":0},{"bottom":3200,"childCount":5,"className":"android.widget.FrameLayout","depth":7,"isClickable":false,"left":0,"nodeId":11,"parentId":9,"right":1440,"top":0,"viewIdResourceName":"com.coolapk.market:id/main_content"},{"bottom":3200,"childCount":3,"className":"android.view.ViewGroup","depth":7,"isClickable":true,"left":0,"nodeId":12,"parentId":10,"right":1440,"top":0,"viewIdResourceName":"com.coolapk.market:id/root_view"},{"bottom":3200,"childCount":0,"className":"android.widget.FrameLayout","depth":8,"isClickable":false,"left":0,"nodeId":13,"parentId":11,"right":1440,"top":0,"viewIdResourceName":"com.coolapk.market:id/full_fragment"},{"bottom":945,"childCount":1,"className":"android.widget.ImageSwitcher","depth":8,"isClickable":false,"left":0,"nodeId":14,"parentId":11,"right":1440,"top":0,"viewIdResourceName":"com.coolapk.market:id/main_blur_view"},{"bottom":414,"childCount":0,"className":"android.view.View","depth":8,"isClickable":false,"left":0,"nodeId":15,"parentId":11,"right":1440,"top":0,"viewIdResourceName":"com.coolapk.market:id/theme_mask_horizontal_view"},{"bottom":414,"childCount":0,"className":"android.view.View","depth":8,"isClickable":false,"left":0,"nodeId":16,"parentId":11,"right":1440,"top":0,"viewIdResourceName":"com.coolapk.market:id/theme_mask_vertical_view"},{"bottom":3200,"childCount":4,"className":"android.widget.ScrollView","depth":8,"isClickable":false,"left":0,"nodeId":17,"parentId":11,"right":1440,"top":120,"viewIdResourceName":"com.coolapk.market:id/coordinator"},{"bottom":2560,"childCount":1,"className":"android.widget.FrameLayout","depth":8,"isClickable":false,"left":0,"nodeId":18,"parentId":12,"right":1440,"top":0,"viewIdResourceName":"com.coolapk.market:id/ad_container"},{"bottom":2560,"childCount":0,"className":"android.widget.TextView","depth":8,"isClickable":false,"left":1440,"nodeId":19,"parentId":12,"right":1440,"top":2494,"viewIdResourceName":"com.coolapk.market:id/info_view"},{"bottom":3200,"childCount":1,"className":"android.widget.FrameLayout","depth":8,"isClickable":false,"left":0,"nodeId":20,"parentId":12,"right":1440,"top":2560,"viewIdResourceName":"com.coolapk.market:id/bottom_container"},{"bottom":945,"childCount":0,"className":"android.widget.ImageView","depth":9,"isClickable":false,"left":0,"nodeId":21,"parentId":14,"right":1440,"top":0},{"bottom":414,"childCount":2,"className":"android.widget.LinearLayout","depth":9,"isClickable":true,"left":0,"nodeId":22,"parentId":17,"right":1440,"top":120,"viewIdResourceName":"com.coolapk.market:id/app_bar"},{"bottom":3200,"childCount":1,"className":"android.widget.FrameLayout","depth":9,"isClickable":false,"left":0,"nodeId":23,"parentId":17,"right":1440,"top":414,"viewIdResourceName":"com.coolapk.market:id/main_fragment"},{"bottom":3200,"childCount":2,"className":"android.widget.FrameLayout","depth":9,"isClickable":true,"left":0,"nodeId":24,"parentId":17,"right":1440,"top":2969,"viewIdResourceName":"com.coolapk.market:id/bottom_navigation"},{"bottom":3200,"childCount":0,"className":"android.widget.FrameLayout","depth":9,"isClickable":false,"left":0,"nodeId":25,"parentId":17,"right":1440,"top":3144,"viewIdResourceName":"com.coolapk.market:id/bottom_background_placeholder_view"},{"bottom":2560,"childCount":1,"className":"android.widget.FrameLayout","depth":9,"isClickable":false,"left":0,"nodeId":26,"parentId":18,"right":1440,"top":0},{"bottom":3200,"childCount":1,"className":"android.widget.FrameLayout","depth":9,"isClickable":false,"left":0,"nodeId":27,"parentId":20,"right":1440,"top":2560,"viewIdResourceName":"com.coolapk.market:id/logo_container"},{"bottom":288,"childCount":3,"className":"android.widget.LinearLayout","depth":10,"isClickable":false,"left":0,"nodeId":28,"parentId":22,"right":1440,"top":120},{"bottom":414,"childCount":1,"className":"android.widget.FrameLayout","depth":10,"isClickable":false,"left":0,"nodeId":29,"parentId":22,"right":1440,"top":288},{"bottom":3200,"childCount":1,"className":"android.widget.RelativeLayout","depth":10,"isClickable":false,"left":0,"nodeId":30,"parentId":23,"right":1440,"top":414,"viewIdResourceName":"com.coolapk.market:id/root_view"},{"bottom":3144,"childCount":0,"className":"android.view.View","depth":10,"isClickable":false,"left":0,"nodeId":31,"parentId":24,"right":1440,"top":2969},{"bottom":3144,"childCount":4,"className":"android.widget.LinearLayout","depth":10,"isClickable":false,"left":0,"nodeId":32,"parentId":24,"right":1440,"top":2969},{"bottom":2560,"childCount":1,"className":"android.widget.FrameLayout","depth":10,"isClickable":false,"left":0,"nodeId":33,"parentId":26,"right":1440,"top":0},{"bottom":2964,"childCount":0,"className":"android.widget.ImageView","depth":10,"isClickable":false,"left":457,"nodeId":34,"parentId":27,"right":982,"top":2796,"viewIdResourceName":"com.coolapk.market:id/logo_view"},{"bottom":288,"childCount":1,"className":"android.widget.FrameLayout","depth":11,"isClickable":false,"left":0,"nodeId":35,"parentId":28,"right":196,"top":120},{"bottom":288,"childCount":1,"className":"android.widget.FrameLayout","depth":11,"isClickable":false,"left":196,"nodeId":36,"parentId":28,"right":1104,"top":120},{"bottom":288,"childCount":1,"className":"android.widget.FrameLayout","depth":11,"isClickable":false,"left":1104,"nodeId":37,"parentId":28,"right":1440,"top":120},{"bottom":414,"childCount":2,"className":"android.widget.LinearLayout","depth":11,"isClickable":false,"left":0,"nodeId":38,"parentId":29,"right":1440,"top":288},{"bottom":3200,"childCount":3,"className":"androidx.viewpager.widget.ViewPager","depth":11,"isClickable":false,"left":0,"nodeId":39,"parentId":30,"right":1440,"top":414,"viewIdResourceName":"com.coolapk.market:id/view_pager"},{"bottom":3144,"childCount":3,"className":"android.widget.FrameLayout","depth":11,"isClickable":true,"left":48,"nodeId":40,"parentId":32,"right":384,"top":2969,"viewIdResourceName":"com.coolapk.market:id/bottom_navigation_container"},{"bottom":3144,"childCount":3,"className":"android.widget.FrameLayout","depth":11,"isClickable":true,"left":384,"nodeId":41,"parentId":32,"right":720,"top":2969,"viewIdResourceName":"com.coolapk.market:id/bottom_navigation_container"},{"bottom":3144,"childCount":3,"className":"android.widget.FrameLayout","depth":11,"isClickable":true,"left":720,"nodeId":42,"parentId":32,"right":1056,"top":2969,"viewIdResourceName":"com.coolapk.market:id/bottom_navigation_container"},{"bottom":3144,"childCount":3,"className":"android.widget.FrameLayout","depth":11,"isClickable":true,"left":1056,"nodeId":43,"parentId":32,"right":1392,"top":2969,"viewIdResourceName":"com.coolapk.market:id/bottom_navigation_container"},{"bottom":2560,"childCount":3,"className":"android.widget.FrameLayout","depth":11,"isClickable":false,"left":0,"nodeId":44,"parentId":33,"right":1440,"top":0},{"bottom":288,"childCount":1,"className":"android.widget.FrameLayout","depth":12,"isClickable":true,"left":0,"nodeId":45,"parentId":35,"right":196,"top":120},{"bottom":288,"childCount":1,"className":"android.widget.FrameLayout","depth":12,"isClickable":false,"left":196,"nodeId":46,"parentId":36,"right":1104,"top":120},{"bottom":288,"childCount":1,"className":"android.widget.FrameLayout","depth":12,"isClickable":false,"left":1104,"nodeId":47,"parentId":37,"right":1440,"top":120},{"bottom":414,"childCount":1,"className":"android.widget.HorizontalScrollView","depth":12,"isClickable":false,"left":0,"nodeId":48,"parentId":38,"right":1286,"top":288},{"bottom":414,"childCount":1,"className":"android.widget.FrameLayout","depth":12,"isClickable":true,"left":1286,"nodeId":49,"parentId":38,"right":1440,"top":288},{"bottom":3200,"childCount":2,"className":"android.widget.FrameLayout","depth":12,"isClickable":false,"left":0,"nodeId":50,"parentId":39,"right":0,"top":414},{"bottom":3200,"childCount":1,"className":"android.widget.FrameLayout","depth":12,"isClickable":false,"left":0,"nodeId":51,"parentId":39,"right":1440,"top":414},{"bottom":3200,"childCount":2,"className":"android.widget.FrameLayout","depth":12,"isClickable":false,"left":1440,"nodeId":52,"parentId":39,"right":1440,"top":414},{"bottom":3074,"childCount":0,"className":"android.widget.ImageView","depth":12,"isClickable":false,"left":174,"nodeId":53,"parentId":40,"right":258,"top":2990,"viewIdResourceName":"com.coolapk.market:id/bottom_navigation_item_icon"},{"bottom":3039,"childCount":0,"className":"android.widget.TextView","depth":12,"isClickable":false,"left":244,"nodeId":54,"parentId":40,"right":300,"top":2983,"viewIdResourceName":"com.coolapk.market:id/bottom_navigation_notification"},{"bottom":3123,"childCount":0,"className":"android.widget.TextView","depth":12,"isClickable":false,"left":48,"nodeId":55,"parentId":40,"right":384,"text":"首页","top":3076,"viewIdResourceName":"com.coolapk.market:id/bottom_navigation_item_title"},{"bottom":3074,"childCount":0,"className":"android.widget.ImageView","depth":12,"isClickable":false,"left":510,"nodeId":56,"parentId":41,"right":594,"top":2990,"viewIdResourceName":"com.coolapk.market:id/bottom_navigation_item_icon"},{"bottom":3039,"childCount":0,"className":"android.widget.TextView","depth":12,"isClickable":false,"left":580,"nodeId":57,"parentId":41,"right":636,"top":2983,"viewIdResourceName":"com.coolapk.market:id/bottom_navigation_notification"},{"bottom":3123,"childCount":0,"className":"android.widget.TextView","depth":12,"isClickable":false,"left":384,"nodeId":58,"parentId":41,"right":720,"text":"数码","top":3076,"viewIdResourceName":"com.coolapk.market:id/bottom_navigation_item_title"},{"bottom":3074,"childCount":0,"className":"android.widget.ImageView","depth":12,"isClickable":false,"left":846,"nodeId":59,"parentId":42,"right":930,"top":2990,"viewIdResourceName":"com.coolapk.market:id/bottom_navigation_item_icon"},{"bottom":3039,"childCount":0,"className":"android.widget.TextView","depth":12,"isClickable":false,"left":916,"nodeId":60,"parentId":42,"right":972,"top":2983,"viewIdResourceName":"com.coolapk.market:id/bottom_navigation_notification"},{"bottom":3123,"childCount":0,"className":"android.widget.TextView","depth":12,"isClickable":false,"left":720,"nodeId":61,"parentId":42,"right":1056,"text":"发现","top":3076,"viewIdResourceName":"com.coolapk.market:id/bottom_navigation_item_title"},{"bottom":3074,"childCount":0,"className":"android.widget.ImageView","depth":12,"isClickable":false,"left":1182,"nodeId":62,"parentId":43,"right":1266,"top":2990,"viewIdResourceName":"com.coolapk.market:id/bottom_navigation_item_icon"},{"bottom":3039,"childCount":0,"className":"android.widget.TextView","depth":12,"isClickable":false,"left":1252,"nodeId":63,"parentId":43,"right":1308,"top":2983,"viewIdResourceName":"com.coolapk.market:id/bottom_navigation_notification"},{"bottom":3123,"childCount":0,"className":"android.widget.TextView","depth":12,"isClickable":false,"left":1056,"nodeId":64,"parentId":43,"right":1392,"text":"我","top":3076,"viewIdResourceName":"com.coolapk.market:id/bottom_navigation_item_title"},{"bottom":2560,"childCount":1,"className":"android.widget.FrameLayout","depth":12,"isClickable":false,"left":0,"nodeId":65,"parentId":44,"right":1440,"top":0},{"bottom":316,"childCount":0,"className":"android.view.View","depth":12,"isClickable":true,"left":1244,"nodeId":66,"parentId":44,"right":1384,"top":176},{"bottom":2420,"childCount":0,"className":"android.widget.TextView","depth":12,"isClickable":true,"left":70,"nodeId":67,"parentId":44,"right":182,"top":2371},{"bottom":260,"childCount":2,"className":"android.widget.FrameLayout","depth":13,"isClickable":false,"left":42,"nodeId":68,"parentId":45,"right":154,"top":148},{"bottom":256,"childCount":2,"className":"android.widget.LinearLayout","depth":13,"isClickable":true,"left":196,"nodeId":69,"parentId":46,"right":1104,"top":151},{"bottom":274,"childCount":2,"className":"android.widget.LinearLayout","depth":13,"isClickable":false,"left":1132,"nodeId":70,"parentId":47,"right":1440,"top":134},{"bottom":414,"childCount":17,"className":"android.widget.LinearLayout","depth":13,"isClickable":false,"left":21,"nodeId":71,"parentId":48,"right":1286,"top":288},{"bottom":379,"childCount":0,"className":"android.widget.ImageView","depth":13,"isClickable":false,"left":1321,"nodeId":72,"parentId":49,"right":1405,"top":295,"viewIdResourceName":"com.coolapk.market:id/imageView"},{"bottom":3200,"childCount":0,"className":"android.view.ViewGroup","depth":13,"isClickable":false,"left":0,"nodeId":73,"parentId":50,"right":0,"top":414,"viewIdResourceName":"com.coolapk.market:id/swipe_refresh_view"},{"bottom":1779,"childCount":1,"className":"android.widget.FrameLayout","depth":13,"isClickable":false,"left":0,"nodeId":74,"parentId":50,"right":-636,"top":1611},{"bottom":3200,"childCount":1,"className":"android.view.ViewGroup","depth":13,"isClickable":false,"left":0,"nodeId":75,"parentId":51,"right":1440,"top":414,"viewIdResourceName":"com.coolapk.market:id/swipe_refresh_view"},{"bottom":3200,"childCount":0,"className":"android.view.ViewGroup","depth":13,"isClickable":false,"left":1440,"nodeId":76,"parentId":52,"right":1440,"top":414,"viewIdResourceName":"com.coolapk.market:id/swipe_refresh_view"},{"bottom":1779,"childCount":1,"className":"android.widget.FrameLayout","depth":13,"isClickable":false,"left":2076,"nodeId":77,"parentId":52,"right":1440,"top":1611},{"bottom":2560,"childCount":1,"className":"android.widget.FrameLayout","depth":13,"isClickable":false,"left":0,"nodeId":78,"parentId":65,"right":1440,"top":0},{"bottom":260,"childCount":0,"className":"android.view.View","depth":14,"isClickable":false,"left":42,"nodeId":79,"parentId":68,"right":154,"top":148},{"bottom":260,"childCount":0,"className":"android.widget.ImageView","depth":14,"isClickable":false,"left":42,"nodeId":80,"parentId":68,"right":154,"top":148},{"bottom":238,"childCount":0,"className":"android.widget.ImageView","depth":14,"isClickable":false,"left":224,"nodeId":81,"parentId":69,"right":294,"top":168},{"bottom":203,"childCount":0,"className":"android.widget.ViewFlipper","depth":14,"isClickable":false,"left":322,"nodeId":82,"parentId":69,"right":1104,"top":203},{"bottom":274,"childCount":2,"className":"android.widget.RelativeLayout","depth":14,"isClickable":true,"left":1132,"nodeId":83,"parentId":70,"right":1272,"top":134},{"bottom":274,"childCount":1,"className":"android.widget.FrameLayout","depth":14,"isClickable":true,"left":1272,"nodeId":84,"parentId":70,"right":1440,"top":134},{"bottom":414,"childCount":1,"className":"androidx.appcompat.app.ActionBar$Tab","depth":14,"isClickable":true,"left":21,"nodeId":85,"parentId":71,"right":217,"top":288},{"bottom":414,"childCount":1,"className":"androidx.appcompat.app.ActionBar$Tab","depth":14,"isClickable":true,"left":205,"nodeId":86,"parentId":71,"right":425,"top":288},{"bottom":414,"childCount":1,"className":"androidx.appcompat.app.ActionBar$Tab","depth":14,"isClickable":true,"left":413,"nodeId":87,"parentId":71,"right":609,"top":288},{"bottom":414,"childCount":1,"className":"androidx.appcompat.app.ActionBar$Tab","depth":14,"isClickable":true,"left":609,"nodeId":88,"parentId":71,"right":805,"top":288},{"bottom":414,"childCount":1,"className":"androidx.appcompat.app.ActionBar$Tab","depth":14,"isClickable":true,"left":805,"nodeId":89,"parentId":71,"right":1001,"top":288},{"bottom":414,"childCount":1,"className":"androidx.appcompat.app.ActionBar$Tab","depth":14,"isClickable":true,"left":1001,"nodeId":90,"parentId":71,"right":1197,"top":288},{"bottom":414,"childCount":1,"className":"androidx.appcompat.app.ActionBar$Tab","depth":14,"isClickable":true,"left":1197,"nodeId":91,"parentId":71,"right":1286,"top":288},{"bottom":414,"childCount":1,"className":"androidx.appcompat.app.ActionBar$Tab","depth":14,"isClickable":true,"left":1393,"nodeId":92,"parentId":71,"right":1286,"top":288},{"bottom":414,"childCount":1,"className":"androidx.appcompat.app.ActionBar$Tab","depth":14,"isClickable":true,"left":1589,"nodeId":93,"parentId":71,"right":1286,"top":288},{"bottom":414,"childCount":1,"className":"androidx.appcompat.app.ActionBar$Tab","depth":14,"isClickable":true,"left":1785,"nodeId":94,"parentId":71,"right":1286,"top":288},{"bottom":414,"childCount":1,"className":"androidx.appcompat.app.ActionBar$Tab","depth":14,"isClickable":true,"left":1981,"nodeId":95,"parentId":71,"right":1286,"top":288},{"bottom":414,"childCount":1,"className":"androidx.appcompat.app.ActionBar$Tab","depth":14,"isClickable":true,"left":2177,"nodeId":96,"parentId":71,"right":1286,"top":288},{"bottom":414,"childCount":1,"className":"androidx.appcompat.app.ActionBar$Tab","depth":14,"isClickable":true,"left":2373,"nodeId":97,"parentId":71,"right":1286,"top":288},{"bottom":414,"childCount":1,"className":"androidx.appcompat.app.ActionBar$Tab","depth":14,"isClickable":true,"left":2569,"nodeId":98,"parentId":71,"right":1286,"top":288},{"bottom":414,"childCount":1,"className":"androidx.appcompat.app.ActionBar$Tab","depth":14,"isClickable":true,"left":2765,"nodeId":99,"parentId":71,"right":1286,"top":288},{"bottom":414,"childCount":1,"className":"androidx.appcompat.app.ActionBar$Tab","depth":14,"isClickable":true,"left":2961,"nodeId":100,"parentId":71,"right":1286,"top":288},{"bottom":414,"childCount":1,"className":"androidx.appcompat.app.ActionBar$Tab","depth":14,"isClickable":true,"left":3157,"nodeId":101,"parentId":71,"right":1286,"top":288},{"bottom":1779,"childCount":0,"className":"android.widget.ProgressBar","depth":14,"isClickable":false,"left":0,"nodeId":102,"parentId":74,"right":-636,"top":1611,"viewIdResourceName":"com.coolapk.market:id/loading_view"},{"bottom":3200,"childCount":4,"className":"android.widget.GridView","depth":14,"isClickable":false,"left":0,"nodeId":103,"parentId":75,"right":1440,"top":414,"viewIdResourceName":"com.coolapk.market:id/recycler_view"},{"bottom":1779,"childCount":0,"className":"android.widget.ProgressBar","depth":14,"isClickable":false,"left":2076,"nodeId":104,"parentId":77,"right":1440,"top":1611,"viewIdResourceName":"com.coolapk.market:id/loading_view"},{"bottom":2559,"childCount":1,"className":"android.widget.FrameLayout","depth":14,"isClickable":false,"left":0,"nodeId":105,"parentId":78,"right":1439,"top":0},{"bottom":246,"childCount":0,"className":"android.view.View","depth":15,"isClickable":false,"left":1160,"nodeId":106,"parentId":83,"right":1244,"top":162},{"bottom":246,"childCount":0,"className":"android.widget.ImageView","depth":15,"isClickable":false,"left":1160,"nodeId":107,"parentId":83,"right":1244,"top":162,"viewIdResourceName":"com.coolapk.market:id/menu_badge_icon"},{"bottom":246,"childCount":1,"className":"android.widget.LinearLayout","depth":15,"isClickable":false,"left":1300,"nodeId":108,"parentId":84,"right":1384,"top":162},{"bottom":374,"childCount":1,"className":"android.widget.LinearLayout","depth":15,"isClickable":false,"left":21,"nodeId":109,"parentId":85,"right":217,"top":299,"viewIdResourceName":"com.coolapk.market:id/linear_view"},{"bottom":379,"childCount":1,"className":"android.widget.LinearLayout","depth":15,"isClickable":false,"left":205,"nodeId":110,"parentId":86,"right":425,"top":294,"viewIdResourceName":"com.coolapk.market:id/linear_view"},{"bottom":374,"childCount":1,"className":"android.widget.LinearLayout","depth":15,"isClickable":false,"left":413,"nodeId":111,"parentId":87,"right":609,"top":299,"viewIdResourceName":"com.coolapk.market:id/linear_view"},{"bottom":374,"childCount":1,"className":"android.widget.LinearLayout","depth":15,"isClickable":false,"left":609,"nodeId":112,"parentId":88,"right":805,"top":299,"viewIdResourceName":"com.coolapk.market:id/linear_view"},{"bottom":374,"childCount":1,"className":"android.widget.LinearLayout","depth":15,"isClickable":false,"left":805,"nodeId":113,"parentId":89,"right":1001,"top":299,"viewIdResourceName":"com.coolapk.market:id/linear_view"},{"bottom":374,"childCount":1,"className":"android.widget.LinearLayout","depth":15,"isClickable":false,"left":1001,"nodeId":114,"parentId":90,"right":1197,"top":299,"viewIdResourceName":"com.coolapk.market:id/linear_view"},{"bottom":374,"childCount":1,"className":"android.widget.LinearLayout","depth":15,"isClickable":false,"left":1197,"nodeId":115,"parentId":91,"right":1286,"top":299,"viewIdResourceName":"com.coolapk.market:id/linear_view"},{"bottom":374,"childCount":1,"className":"android.widget.LinearLayout","depth":15,"isClickable":false,"left":1393,"nodeId":116,"parentId":92,"right":1286,"top":299,"viewIdResourceName":"com.coolapk.market:id/linear_view"},{"bottom":374,"childCount":1,"className":"android.widget.LinearLayout","depth":15,"isClickable":false,"left":1589,"nodeId":117,"parentId":93,"right":1286,"top":299,"viewIdResourceName":"com.coolapk.market:id/linear_view"},{"bottom":374,"childCount":1,"className":"android.widget.LinearLayout","depth":15,"isClickable":false,"left":1785,"nodeId":118,"parentId":94,"right":1286,"top":299,"viewIdResourceName":"com.coolapk.market:id/linear_view"},{"bottom":374,"childCount":1,"className":"android.widget.LinearLayout","depth":15,"isClickable":false,"left":1981,"nodeId":119,"parentId":95,"right":1286,"top":299,"viewIdResourceName":"com.coolapk.market:id/linear_view"},{"bottom":374,"childCount":1,"className":"android.widget.LinearLayout","depth":15,"isClickable":false,"left":2177,"nodeId":120,"parentId":96,"right":1286,"top":299,"viewIdResourceName":"com.coolapk.market:id/linear_view"},{"bottom":374,"childCount":1,"className":"android.widget.LinearLayout","depth":15,"isClickable":false,"left":2373,"nodeId":121,"parentId":97,"right":1286,"top":299,"viewIdResourceName":"com.coolapk.market:id/linear_view"},{"bottom":374,"childCount":1,"className":"android.widget.LinearLayout","depth":15,"isClickable":false,"left":2569,"nodeId":122,"parentId":98,"right":1286,"top":299,"viewIdResourceName":"com.coolapk.market:id/linear_view"},{"bottom":374,"childCount":1,"className":"android.widget.LinearLayout","depth":15,"isClickable":false,"left":2765,"nodeId":123,"parentId":99,"right":1286,"top":299,"viewIdResourceName":"com.coolapk.market:id/linear_view"},{"bottom":374,"childCount":1,"className":"android.widget.LinearLayout","depth":15,"isClickable":false,"left":2961,"nodeId":124,"parentId":100,"right":1286,"top":299,"viewIdResourceName":"com.coolapk.market:id/linear_view"},{"bottom":374,"childCount":1,"className":"android.widget.LinearLayout","depth":15,"isClickable":false,"left":3157,"nodeId":125,"parentId":101,"right":1286,"top":299,"viewIdResourceName":"com.coolapk.market:id/linear_view"},{"bottom":894,"childCount":1,"className":"androidx.cardview.widget.CardView","depth":15,"isClickable":false,"left":32,"nodeId":126,"parentId":103,"right":1408,"top":435,"viewIdResourceName":"com.coolapk.market:id/coolapk_card_view"},{"bottom":1196,"childCount":1,"className":"androidx.cardview.widget.CardView","depth":15,"isClickable":false,"left":32,"nodeId":127,"parentId":103,"right":1408,"top":894,"viewIdResourceName":"com.coolapk.market:id/coolapk_card_view"},{"bottom":1336,"childCount":1,"className":"androidx.cardview.widget.CardView","depth":15,"isClickable":false,"left":0,"nodeId":128,"parentId":103,"right":1440,"top":1238,"viewIdResourceName":"com.coolapk.market:id/coolapk_card_view"},{"bottom":3200,"childCount":1,"className":"androidx.cardview.widget.CardView","depth":15,"isClickable":true,"left":32,"nodeId":129,"parentId":103,"right":1408,"top":1378,"viewIdResourceName":"com.coolapk.market:id/coolapk_card_view"},{"bottom":2559,"childCount":2,"className":"android.view.ViewGroup","depth":15,"isClickable":false,"left":0,"nodeId":130,"parentId":105,"right":1439,"top":0},{"bottom":220,"childCount":0,"className":"android.widget.ImageView","depth":16,"isClickable":false,"left":1326,"nodeId":131,"parentId":108,"right":1358,"top":188,"viewIdResourceName":"com.coolapk.market:id/post_button"},{"bottom":374,"childCount":0,"className":"android.widget.TextView","depth":16,"isClickable":false,"left":63,"nodeId":132,"parentId":109,"right":175,"text":"关注","top":299},{"bottom":379,"childCount":0,"className":"android.widget.TextView","depth":16,"isClickable":false,"left":252,"nodeId":133,"parentId":110,"right":378,"text":"头条","top":294},{"bottom":374,"childCount":0,"className":"android.widget.TextView","depth":16,"isClickable":false,"left":455,"nodeId":134,"parentId":111,"right":567,"text":"热榜","top":299},{"bottom":374,"childCount":0,"className":"android.widget.TextView","depth":16,"isClickable":false,"left":651,"nodeId":135,"parentId":112,"right":763,"text":"快讯","top":299},{"bottom":374,"childCount":0,"className":"android.widget.TextView","depth":16,"isClickable":false,"left":847,"nodeId":136,"parentId":113,"right":959,"text":"话题","top":299},{"bottom":374,"childCount":0,"className":"android.widget.TextView","depth":16,"isClickable":false,"left":1043,"nodeId":137,"parentId":114,"right":1155,"text":"新机","top":299},{"bottom":374,"childCount":0,"className":"android.widget.TextView","depth":16,"isClickable":false,"left":1239,"nodeId":138,"parentId":115,"right":1286,"text":"开箱","top":299},{"bottom":374,"childCount":0,"className":"android.widget.TextView","depth":16,"isClickable":false,"left":1435,"nodeId":139,"parentId":116,"right":1286,"text":"摄影","top":299},{"bottom":374,"childCount":0,"className":"android.widget.TextView","depth":16,"isClickable":false,"left":1631,"nodeId":140,"parentId":117,"right":1286,"text":"教程","top":299},{"bottom":374,"childCount":0,"className":"android.widget.TextView","depth":16,"isClickable":false,"left":1827,"nodeId":141,"parentId":118,"right":1286,"text":"酷品","top":299},{"bottom":374,"childCount":0,"className":"android.widget.TextView","depth":16,"isClickable":false,"left":2023,"nodeId":142,"parentId":119,"right":1286,"text":"汽车","top":299},{"bottom":374,"childCount":0,"className":"android.widget.TextView","depth":16,"isClickable":false,"left":2219,"nodeId":143,"parentId":120,"right":1286,"text":"外设","top":299},{"bottom":374,"childCount":0,"className":"android.widget.TextView","depth":16,"isClickable":false,"left":2415,"nodeId":144,"parentId":121,"right":1286,"text":"视频","top":299},{"bottom":374,"childCount":0,"className":"android.widget.TextView","depth":16,"isClickable":false,"left":2611,"nodeId":145,"parentId":122,"right":1286,"text":"问答","top":299},{"bottom":374,"childCount":0,"className":"android.widget.TextView","depth":16,"isClickable":false,"left":2807,"nodeId":146,"parentId":123,"right":1286,"text":"直播","top":299},{"bottom":374,"childCount":0,"className":"android.widget.TextView","depth":16,"isClickable":false,"left":3003,"nodeId":147,"parentId":124,"right":1286,"text":"美化","top":299},{"bottom":374,"childCount":0,"className":"android.widget.TextView","depth":16,"isClickable":false,"left":3199,"nodeId":148,"parentId":125,"right":1286,"text":"好物榜","top":299},{"bottom":894,"childCount":1,"className":"android.widget.FrameLayout","depth":16,"isClickable":false,"left":32,"nodeId":149,"parentId":126,"right":1408,"top":435,"viewIdResourceName":"com.coolapk.market:id/item_view"},{"bottom":1196,"childCount":2,"className":"android.widget.LinearLayout","depth":16,"isClickable":false,"left":32,"nodeId":150,"parentId":127,"right":1408,"top":894,"viewIdResourceName":"com.coolapk.market:id/item_view"},{"bottom":1336,"childCount":5,"className":"androidx.recyclerview.widget.RecyclerView","depth":16,"isClickable":false,"left":0,"nodeId":151,"parentId":128,"right":1440,"top":1238,"viewIdResourceName":"com.coolapk.market:id/recycler_view"},{"bottom":3200,"childCount":8,"className":"android.widget.LinearLayout","depth":16,"isClickable":true,"left":32,"nodeId":152,"parentId":129,"right":1408,"top":1378,"viewIdResourceName":"com.coolapk.market:id/card_view"},{"bottom":2559,"childCount":1,"className":"android.view.ViewGroup","depth":16,"isClickable":false,"left":0,"nodeId":153,"parentId":130,"right":1439,"top":0},{"bottom":2559,"childCount":1,"className":"android.view.ViewGroup","depth":16,"isClickable":false,"left":0,"nodeId":154,"parentId":130,"right":1439,"top":0},{"bottom":894,"childCount":1,"className":"android.widget.LinearLayout","depth":17,"isClickable":false,"left":32,"nodeId":155,"parentId":149,"right":1408,"top":435,"viewIdResourceName":"com.coolapk.market:id/wrapper_view"},{"bottom":1161,"childCount":1,"className":"android.widget.LinearLayout","depth":17,"isClickable":false,"left":32,"nodeId":156,"parentId":150,"right":1408,"top":894,"viewIdResourceName":"com.coolapk.market:id/wrapper_view"},{"bottom":1168,"childCount":0,"className":"android.view.View","depth":17,"isClickable":false,"left":664,"nodeId":157,"parentId":150,"right":776,"top":1154,"viewIdResourceName":"com.coolapk.market:id/indicator_view"},{"bottom":1336,"childCount":0,"className":"android.widget.TextView","depth":17,"isClickable":false,"left":32,"nodeId":158,"parentId":151,"right":130,"text":"广场","top":1238,"viewIdResourceName":"com.coolapk.market:id/title_view"},{"bottom":1336,"childCount":3,"className":"android.widget.LinearLayout","depth":17,"isClickable":true,"left":158,"nodeId":159,"parentId":151,"right":497,"top":1238,"viewIdResourceName":"com.coolapk.market:id/item_view"},{"bottom":1336,"childCount":3,"className":"android.widget.LinearLayout","depth":17,"isClickable":true,"left":525,"nodeId":160,"parentId":151,"right":903,"top":1238,"viewIdResourceName":"com.coolapk.market:id/item_view"},{"bottom":1336,"childCount":3,"className":"android.widget.LinearLayout","depth":17,"isClickable":true,"left":931,"nodeId":161,"parentId":151,"right":1267,"top":1238,"viewIdResourceName":"com.coolapk.market:id/item_view"},{"bottom":1336,"childCount":3,"className":"android.widget.LinearLayout","depth":17,"isClickable":true,"left":1295,"nodeId":162,"parentId":151,"right":1440,"top":1238,"viewIdResourceName":"com.coolapk.market:id/item_view"},{"bottom":1602,"childCount":1,"className":"android.widget.FrameLayout","depth":17,"isClickable":false,"left":32,"nodeId":163,"parentId":152,"right":1408,"top":1378},{"bottom":2033,"childCount":0,"className":"android.widget.TextView","depth":17,"isClickable":false,"left":74,"nodeId":164,"parentId":152,"right":1366,"text":"Vision Pro般的待遇：Mate XT上手体验\n现在想体验三折叠，需要在我的华为app预约，刚看了一下，武汉梦时代旗舰店已经约满了\n进店后，找店员签到，一对一引导你进行一个1…查看更多 ","top":1602,"viewIdResourceName":"com.coolapk.market:id/text_view"},{"bottom":2033,"childCount":0,"className":"android.widget.FrameLayout","depth":17,"isClickable":false,"left":32,"nodeId":165,"parentId":152,"right":1408,"top":2033,"viewIdResourceName":"com.coolapk.market:id/extra_apk_type_container"},{"bottom":3200,"childCount":9,"className":"android.widget.FrameLayout","depth":17,"isClickable":false,"left":74,"nodeId":166,"parentId":152,"right":1366,"top":2075,"viewIdResourceName":"com.coolapk.market:id/frame_view"},{"bottom":3200,"childCount":0,"className":"android.widget.FrameLayout","depth":17,"isClickable":false,"left":32,"nodeId":167,"parentId":152,"right":1408,"top":3367,"viewIdResourceName":"com.coolapk.market:id/extra_type_container"},{"bottom":3200,"childCount":2,"className":"android.view.ViewGroup","depth":17,"isClickable":false,"left":74,"nodeId":168,"parentId":152,"right":1366,"top":3409},{"bottom":3200,"childCount":2,"className":"android.widget.LinearLayout","depth":17,"isClickable":true,"left":74,"nodeId":169,"parentId":152,"right":1366,"top":3535,"viewIdResourceName":"com.coolapk.market:id/card_view"},{"bottom":3200,"childCount":3,"className":"android.widget.LinearLayout","depth":17,"isClickable":false,"left":32,"nodeId":170,"parentId":152,"right":1408,"top":3727,"viewIdResourceName":"com.coolapk.market:id/feed_action_view"},{"bottom":2559,"childCount":1,"className":"android.view.ViewGroup","depth":17,"isClickable":false,"left":0,"nodeId":171,"parentId":153,"right":1439,"top":0},{"bottom":2559,"childCount":1,"className":"android.view.ViewGroup","depth":17,"isClickable":false,"left":0,"nodeId":172,"parentId":154,"right":1439,"top":0},{"bottom":894,"childCount":1,"className":"android.widget.FrameLayout","depth":18,"isClickable":false,"left":32,"nodeId":173,"parentId":155,"right":1408,"top":435,"viewIdResourceName":"com.coolapk.market:id/frame_view"},{"bottom":1161,"childCount":1,"className":"androidx.viewpager.widget.ViewPager","depth":18,"isClickable":false,"left":32,"nodeId":174,"parentId":156,"right":1408,"top":894,"viewIdResourceName":"com.coolapk.market:id/view_pager2"},{"bottom":1315,"childCount":0,"className":"android.widget.ImageView","depth":18,"isClickable":false,"left":186,"nodeId":175,"parentId":159,"right":242,"top":1259,"viewIdResourceName":"com.coolapk.market:id/icon_view"},{"bottom":1287,"childCount":0,"className":"android.view.View","depth":18,"isClickable":false,"left":242,"nodeId":176,"parentId":159,"right":256,"top":1287},{"bottom":1315,"childCount":0,"className":"android.widget.TextView","depth":18,"isClickable":false,"left":256,"nodeId":177,"parentId":159,"right":469,"text":"Redmi K60","top":1259,"viewIdResourceName":"com.coolapk.market:id/title_view"},{"bottom":1315,"childCount":0,"className":"android.widget.ImageView","depth":18,"isClickable":false,"left":553,"nodeId":178,"parentId":160,"right":609,"top":1259,"viewIdResourceName":"com.coolapk.market:id/icon_view"},{"bottom":1287,"childCount":0,"className":"android.view.View","depth":18,"isClickable":false,"left":609,"nodeId":179,"parentId":160,"right":623,"top":1287},{"bottom":1315,"childCount":0,"className":"android.widget.TextView","depth":18,"isClickable":false,"left":623,"nodeId":180,"parentId":160,"right":875,"text":"薅羊毛小分队","top":1259,"viewIdResourceName":"com.coolapk.market:id/title_view"},{"bottom":1315,"childCount":0,"className":"android.widget.ImageView","depth":18,"isClickable":false,"left":959,"nodeId":181,"parentId":161,"right":1015,"top":1259,"viewIdResourceName":"com.coolapk.market:id/icon_view"},{"bottom":1287,"childCount":0,"className":"android.view.View","depth":18,"isClickable":false,"left":1015,"nodeId":182,"parentId":161,"right":1029,"top":1287},{"bottom":1315,"childCount":0,"className":"android.widget.TextView","depth":18,"isClickable":false,"left":1029,"nodeId":183,"parentId":161,"right":1239,"text":"电脑显示器","top":1259,"viewIdResourceName":"com.coolapk.market:id/title_view"},{"bottom":1315,"childCount":0,"className":"android.widget.ImageView","depth":18,"isClickable":false,"left":1323,"nodeId":184,"parentId":162,"right":1379,"top":1259,"viewIdResourceName":"com.coolapk.market:id/icon_view"},{"bottom":1287,"childCount":0,"className":"android.view.View","depth":18,"isClickable":false,"left":1379,"nodeId":185,"parentId":162,"right":1393,"top":1287},{"bottom":1315,"childCount":0,"className":"android.widget.TextView","depth":18,"isClickable":false,"left":1393,"nodeId":186,"parentId":162,"right":1440,"text":"OriginOS5","top":1259,"viewIdResourceName":"com.coolapk.market:id/title_view"},{"bottom":1602,"childCount":1,"className":"android.widget.LinearLayout","depth":18,"isClickable":false,"left":32,"nodeId":187,"parentId":163,"right":1408,"top":1378},{"bottom":2498,"childCount":2,"className":"android.widget.FrameLayout","depth":18,"isClickable":false,"left":74,"nodeId":188,"parentId":166,"right":497,"top":2075,"viewIdResourceName":"com.coolapk.market:id/frame_view"},{"bottom":2498,"childCount":2,"className":"android.widget.FrameLayout","depth":18,"isClickable":false,"left":508,"nodeId":189,"parentId":166,"right":931,"top":2075,"viewIdResourceName":"com.coolapk.market:id/frame_view"},{"bottom":2498,"childCount":2,"className":"android.widget.FrameLayout","depth":18,"isClickable":false,"left":943,"nodeId":190,"parentId":166,"right":1366,"top":2075,"viewIdResourceName":"com.coolapk.market:id/frame_view"},{"bottom":2932,"childCount":2,"className":"android.widget.FrameLayout","depth":18,"isClickable":false,"left":74,"nodeId":191,"parentId":166,"right":497,"top":2509,"viewIdResourceName":"com.coolapk.market:id/frame_view"},{"bottom":2932,"childCount":2,"className":"android.widget.FrameLayout","depth":18,"isClickable":false,"left":508,"nodeId":192,"parentId":166,"right":931,"top":2509,"viewIdResourceName":"com.coolapk.market:id/frame_view"},{"bottom":2932,"childCount":2,"className":"android.widget.FrameLayout","depth":18,"isClickable":false,"left":943,"nodeId":193,"parentId":166,"right":1366,"top":2509,"viewIdResourceName":"com.coolapk.market:id/frame_view"},{"bottom":3200,"childCount":2,"className":"android.widget.FrameLayout","depth":18,"isClickable":false,"left":74,"nodeId":194,"parentId":166,"right":497,"top":2944,"viewIdResourceName":"com.coolapk.market:id/frame_view"},{"bottom":3200,"childCount":2,"className":"android.widget.FrameLayout","depth":18,"isClickable":false,"left":508,"nodeId":195,"parentId":166,"right":931,"top":2944,"viewIdResourceName":"com.coolapk.market:id/frame_view"},{"bottom":3200,"childCount":2,"className":"android.widget.FrameLayout","depth":18,"isClickable":false,"left":943,"nodeId":196,"parentId":166,"right":1366,"top":2944,"viewIdResourceName":"com.coolapk.market:id/frame_view"},{"bottom":3200,"childCount":1,"className":"android.widget.LinearLayout","depth":18,"isClickable":true,"left":74,"nodeId":197,"parentId":168,"right":74,"top":3409,"viewIdResourceName":"com.coolapk.market:id/card_view"},{"bottom":3200,"childCount":2,"className":"android.widget.LinearLayout","depth":18,"isClickable":true,"left":74,"nodeId":198,"parentId":168,"right":619,"top":3409,"viewIdResourceName":"com.coolapk.market:id/card_view"},{"bottom":3200,"childCount":0,"className":"android.widget.TextView","depth":18,"isClickable":false,"left":74,"nodeId":199,"parentId":169,"right":247,"text":"107赞","top":3535,"viewIdResourceName":"com.coolapk.market:id/new_tag_view"},{"bottom":3200,"childCount":0,"className":"android.widget.TextView","depth":18,"isClickable":false,"left":109,"nodeId":200,"parentId":169,"right":1331,"text":"艾薇巴蒂来次够a: [doge][图片]查看图片  ","top":3626,"viewIdResourceName":"com.coolapk.market:id/title_view"},{"bottom":3200,"childCount":2,"className":"android.widget.LinearLayout","depth":18,"isClickable":true,"left":32,"nodeId":201,"parentId":170,"right":490,"top":3727,"viewIdResourceName":"com.coolapk.market:id/feed_action_view_like"},{"bottom":3200,"childCount":2,"className":"android.widget.LinearLayout","depth":18,"isClickable":true,"left":490,"nodeId":202,"parentId":170,"right":949,"top":3727,"viewIdResourceName":"com.coolapk.market:id/feed_action_view_reply"},{"bottom":3200,"childCount":2,"className":"android.widget.LinearLayout","depth":18,"isClickable":true,"left":949,"nodeId":203,"parentId":170,"right":1408,"top":3727,"viewIdResourceName":"com.coolapk.market:id/feed_action_view_share"},{"bottom":2559,"childCount":0,"className":"android.widget.ImageView","depth":18,"isClickable":false,"left":0,"nodeId":204,"parentId":171,"right":1439,"top":0},{"bottom":2226,"childCount":3,"className":"android.view.ViewGroup","depth":18,"isClickable":false,"left":0,"nodeId":205,"parentId":172,"right":1439,"top":1573},{"bottom":894,"childCount":1,"className":"android.widget.FrameLayout","depth":19,"isClickable":false,"left":32,"nodeId":206,"parentId":173,"right":1408,"top":435,"viewIdResourceName":"com.coolapk.market:id/banner_view"},{"bottom":1140,"childCount":1,"className":"androidx.recyclerview.widget.RecyclerView","depth":19,"isClickable":false,"left":60,"nodeId":207,"parentId":174,"right":1380,"top":915},{"bottom":1602,"childCount":4,"className":"android.widget.RelativeLayout","depth":19,"isClickable":false,"left":32,"nodeId":208,"parentId":187,"right":1408,"top":1378},{"bottom":2498,"childCount":0,"className":"android.widget.ImageView","depth":19,"isClickable":true,"left":74,"nodeId":209,"parentId":188,"right":497,"top":2075,"viewIdResourceName":"com.coolapk.market:id/image_view"},{"bottom":2498,"childCount":0,"className":"android.view.View","depth":19,"isClickable":false,"left":74,"nodeId":210,"parentId":188,"right":497,"top":2075,"viewIdResourceName":"com.coolapk.market:id/divider_view"},{"bottom":2498,"childCount":0,"className":"android.widget.ImageView","depth":19,"isClickable":true,"left":508,"nodeId":211,"parentId":189,"right":931,"top":2075,"viewIdResourceName":"com.coolapk.market:id/image_view"},{"bottom":2498,"childCount":0,"className":"android.view.View","depth":19,"isClickable":false,"left":508,"nodeId":212,"parentId":189,"right":931,"top":2075,"viewIdResourceName":"com.coolapk.market:id/divider_view"},{"bottom":2498,"childCount":0,"className":"android.widget.ImageView","depth":19,"isClickable":true,"left":943,"nodeId":213,"parentId":190,"right":1366,"top":2075,"viewIdResourceName":"com.coolapk.market:id/image_view"},{"bottom":2498,"childCount":0,"className":"android.view.View","depth":19,"isClickable":false,"left":943,"nodeId":214,"parentId":190,"right":1366,"top":2075,"viewIdResourceName":"com.coolapk.market:id/divider_view"},{"bottom":2932,"childCount":0,"className":"android.widget.ImageView","depth":19,"isClickable":true,"left":74,"nodeId":215,"parentId":191,"right":497,"top":2509,"viewIdResourceName":"com.coolapk.market:id/image_view"},{"bottom":2932,"childCount":0,"className":"android.view.View","depth":19,"isClickable":false,"left":74,"nodeId":216,"parentId":191,"right":497,"top":2509,"viewIdResourceName":"com.coolapk.market:id/divider_view"},{"bottom":2932,"childCount":0,"className":"android.widget.ImageView","depth":19,"isClickable":true,"left":508,"nodeId":217,"parentId":192,"right":931,"top":2509,"viewIdResourceName":"com.coolapk.market:id/image_view"},{"bottom":2932,"childCount":0,"className":"android.view.View","depth":19,"isClickable":false,"left":508,"nodeId":218,"parentId":192,"right":931,"top":2509,"viewIdResourceName":"com.coolapk.market:id/divider_view"},{"bottom":2932,"childCount":0,"className":"android.widget.ImageView","depth":19,"isClickable":true,"left":943,"nodeId":219,"parentId":193,"right":1366,"top":2509,"viewIdResourceName":"com.coolapk.market:id/image_view"},{"bottom":2932,"childCount":0,"className":"android.view.View","depth":19,"isClickable":false,"left":943,"nodeId":220,"parentId":193,"right":1366,"top":2509,"viewIdResourceName":"com.coolapk.market:id/divider_view"},{"bottom":3200,"childCount":0,"className":"android.widget.ImageView","depth":19,"isClickable":true,"left":74,"nodeId":221,"parentId":194,"right":497,"top":2944,"viewIdResourceName":"com.coolapk.market:id/image_view"},{"bottom":3200,"childCount":0,"className":"android.view.View","depth":19,"isClickable":false,"left":74,"nodeId":222,"parentId":194,"right":497,"top":2944,"viewIdResourceName":"com.coolapk.market:id/divider_view"},{"bottom":3200,"childCount":0,"className":"android.widget.ImageView","depth":19,"isClickable":true,"left":508,"nodeId":223,"parentId":195,"right":931,"top":2944,"viewIdResourceName":"com.coolapk.market:id/image_view"},{"bottom":3200,"childCount":0,"className":"android.view.View","depth":19,"isClickable":false,"left":508,"nodeId":224,"parentId":195,"right":931,"top":2944,"viewIdResourceName":"com.coolapk.market:id/divider_view"},{"bottom":3200,"childCount":0,"className":"android.widget.ImageView","depth":19,"isClickable":true,"left":943,"nodeId":225,"parentId":196,"right":1366,"top":2944,"viewIdResourceName":"com.coolapk.market:id/image_view"},{"bottom":3200,"childCount":0,"className":"android.view.View","depth":19,"isClickable":false,"left":943,"nodeId":226,"parentId":196,"right":1366,"top":2944,"viewIdResourceName":"com.coolapk.market:id/divider_view"},{"bottom":3200,"childCount":0,"className":"android.widget.ImageView","depth":19,"isClickable":false,"left":74,"nodeId":227,"parentId":197,"right":74,"top":3409,"viewIdResourceName":"com.coolapk.market:id/icon_view"},{"bottom":3200,"childCount":0,"className":"android.widget.ImageView","depth":19,"isClickable":false,"left":88,"nodeId":228,"parentId":198,"right":144,"top":3423,"viewIdResourceName":"com.coolapk.market:id/icon_view"},{"bottom":3200,"childCount":0,"className":"android.widget.TextView","depth":19,"isClickable":false,"left":169,"nodeId":229,"parentId":198,"right":594,"text":"华为Mate XT 非凡大师","top":3423,"viewIdResourceName":"com.coolapk.market:id/title_view"},{"bottom":3200,"childCount":0,"className":"android.widget.ImageView","depth":19,"isClickable":false,"left":187,"nodeId":230,"parentId":201,"right":250,"top":3797,"viewIdResourceName":"com.coolapk.market:id/image_view"},{"bottom":3200,"childCount":0,"className":"android.widget.TextView","depth":19,"isClickable":false,"left":257,"nodeId":231,"parentId":201,"right":335,"text":"149","top":3795,"viewIdResourceName":"com.coolapk.market:id/text_view"},{"bottom":3200,"childCount":0,"className":"android.widget.ImageView","depth":19,"isClickable":false,"left":653,"nodeId":232,"parentId":202,"right":716,"top":3797,"viewIdResourceName":"com.coolapk.market:id/image_view"},{"bottom":3200,"childCount":0,"className":"android.widget.TextView","depth":19,"isClickable":false,"left":723,"nodeId":233,"parentId":202,"right":785,"text":"88","top":3795,"viewIdResourceName":"com.coolapk.market:id/text_view"},{"bottom":3200,"childCount":0,"className":"android.widget.ImageView","depth":19,"isClickable":false,"left":1129,"nodeId":234,"parentId":203,"right":1192,"top":3797,"viewIdResourceName":"com.coolapk.market:id/image_view"},{"bottom":3200,"childCount":0,"className":"android.widget.TextView","depth":19,"isClickable":false,"left":1199,"nodeId":235,"parentId":203,"right":1228,"text":"3","top":3795,"viewIdResourceName":"com.coolapk.market:id/text_view"},{"bottom":2021,"childCount":0,"className":"android.widget.ImageView","depth":19,"isClickable":false,"left":194,"nodeId":236,"parentId":205,"right":1244,"top":1573},{"bottom":2140,"childCount":0,"className":"android.widget.TextView","depth":19,"isClickable":false,"left":449,"nodeId":237,"parentId":205,"right":989,"text":"任意滑动 或 扭一扭","top":2056},{"bottom":2226,"childCount":2,"className":"android.view.ViewGroup","depth":19,"isClickable":false,"left":385,"nodeId":238,"parentId":205,"right":1054,"top":2140},{"bottom":894,"childCount":2,"className":"android.widget.RelativeLayout","depth":20,"isClickable":false,"left":32,"nodeId":239,"parentId":206,"right":1408,"top":435,"viewIdResourceName":"com.coolapk.market:id/bannerContainer"},{"bottom":1140,"childCount":5,"className":"android.widget.GridView","depth":20,"isClickable":false,"left":60,"nodeId":240,"parentId":207,"right":1380,"top":915},{"bottom":1546,"childCount":2,"className":"android.widget.FrameLayout","depth":20,"isClickable":true,"left":74,"nodeId":241,"parentId":208,"right":186,"top":1434,"viewIdResourceName":"com.coolapk.market:id/user_avatar_view"},{"bottom":1491,"childCount":0,"className":"android.widget.TextView","depth":20,"isClickable":false,"left":221,"nodeId":242,"parentId":208,"right":1212,"text":"乱溟Luanming","top":1420,"viewIdResourceName":"com.coolapk.market:id/name_view"},{"bottom":1554,"childCount":4,"className":"android.widget.LinearLayout","depth":20,"isClickable":false,"left":221,"nodeId":243,"parentId":208,"right":1212,"top":1498},{"bottom":1546,"childCount":0,"className":"android.widget.ImageView","depth":20,"isClickable":true,"left":1240,"nodeId":244,"parentId":208,"right":1408,"top":1378,"viewIdResourceName":"com.coolapk.market:id/more_view"},{"bottom":2225,"childCount":0,"className":"android.widget.ImageView","depth":20,"isClickable":false,"left":385,"nodeId":245,"parentId":238,"right":448,"top":2162},{"bottom":2226,"childCount":0,"className":"android.widget.TextView","depth":20,"isClickable":false,"left":466,"nodeId":246,"parentId":238,"right":1054,"text":"跳转至详情页或第三方应用","top":2161},{"bottom":894,"childCount":3,"className":"androidx.viewpager.widget.ViewPager","depth":21,"isClickable":false,"left":32,"nodeId":247,"parentId":239,"right":1408,"top":435,"viewIdResourceName":"com.coolapk.market:id/bannerViewPager"},{"bottom":894,"childCount":1,"className":"android.widget.RelativeLayout","depth":21,"isClickable":false,"left":32,"nodeId":248,"parentId":239,"right":1408,"top":806},{"bottom":1140,"childCount":2,"className":"android.widget.LinearLayout","depth":21,"isClickable":true,"left":60,"nodeId":249,"parentId":240,"right":324,"top":915,"viewIdResourceName":"com.coolapk.market:id/item_view"},{"bottom":1140,"childCount":2,"className":"android.widget.LinearLayout","depth":21,"isClickable":true,"left":324,"nodeId":250,"parentId":240,"right":588,"top":915,"viewIdResourceName":"com.coolapk.market:id/item_view"},{"bottom":1140,"childCount":2,"className":"android.widget.LinearLayout","depth":21,"isClickable":true,"left":588,"nodeId":251,"parentId":240,"right":852,"top":915,"viewIdResourceName":"com.coolapk.market:id/item_view"},{"bottom":1140,"childCount":2,"className":"android.widget.LinearLayout","depth":21,"isClickable":true,"left":852,"nodeId":252,"parentId":240,"right":1116,"top":915,"viewIdResourceName":"com.coolapk.market:id/item_view"},{"bottom":1140,"childCount":2,"className":"android.widget.LinearLayout","depth":21,"isClickable":true,"left":1116,"nodeId":253,"parentId":240,"right":1380,"top":915,"viewIdResourceName":"com.coolapk.market:id/item_view"},{"bottom":1546,"childCount":0,"className":"android.widget.ImageView","depth":21,"isClickable":false,"left":74,"nodeId":254,"parentId":241,"right":186,"top":1434},{"bottom":1546,"childCount":0,"className":"android.widget.ImageView","depth":21,"isClickable":false,"left":74,"nodeId":255,"parentId":241,"right":186,"top":1434,"viewIdResourceName":"com.coolapk.market:id/user_avatar_view"},{"bottom":1554,"childCount":0,"className":"android.widget.TextView","depth":21,"isClickable":false,"left":221,"nodeId":256,"parentId":243,"right":473,"text":"来自头条推荐","top":1498,"viewIdResourceName":"com.coolapk.market:id/from_where_view"},{"bottom":1547,"childCount":0,"className":"android.widget.ImageView","depth":21,"isClickable":false,"left":487,"nodeId":257,"parentId":243,"right":529,"top":1505},{"bottom":1554,"childCount":0,"className":"android.widget.TextView","depth":21,"isClickable":true,"left":529,"nodeId":258,"parentId":243,"right":703,"text":"华为P60 ","top":1498,"viewIdResourceName":"com.coolapk.market:id/device_title"},{"bottom":1554,"childCount":0,"className":"android.widget.TextView","depth":21,"isClickable":true,"left":717,"nodeId":259,"parentId":243,"right":843,"text":"已编辑","top":1498,"viewIdResourceName":"com.coolapk.market:id/modify_view"},{"bottom":894,"childCount":1,"className":"android.widget.FrameLayout","depth":22,"isClickable":true,"left":32,"nodeId":260,"parentId":247,"right":38,"top":435},{"bottom":894,"childCount":1,"className":"android.widget.FrameLayout","depth":22,"isClickable":true,"left":38,"nodeId":261,"parentId":247,"right":1408,"top":435},{"bottom":894,"childCount":1,"className":"android.widget.FrameLayout","depth":22,"isClickable":true,"left":1414,"nodeId":262,"parentId":247,"right":1408,"top":435},{"bottom":894,"childCount":3,"className":"android.widget.LinearLayout","depth":22,"isClickable":false,"left":32,"nodeId":263,"parentId":248,"right":1408,"top":806,"viewIdResourceName":"com.coolapk.market:id/circleIndicator"},{"bottom":1059,"childCount":0,"className":"android.widget.ImageView","depth":22,"isClickable":false,"left":129,"nodeId":264,"parentId":249,"right":255,"top":933,"viewIdResourceName":"com.coolapk.market:id/icon_view"},{"bottom":1126,"childCount":0,"className":"android.widget.TextView","depth":22,"isClickable":false,"left":136,"nodeId":265,"parentId":249,"right":248,"text":"值得看","top":1070,"viewIdResourceName":"com.coolapk.market:id/title_view"},{"bottom":1059,"childCount":0,"className":"android.widget.ImageView","depth":22,"isClickable":false,"left":393,"nodeId":266,"parentId":250,"right":519,"top":933,"viewIdResourceName":"com.coolapk.market:id/icon_view"},{"bottom":1126,"childCount":0,"className":"android.widget.TextView","depth":22,"isClickable":false,"left":421,"nodeId":267,"parentId":250,"right":491,"text":"热闻","top":1070,"viewIdResourceName":"com.coolapk.market:id/title_view"},{"bottom":1059,"childCount":0,"className":"android.widget.ImageView","depth":22,"isClickable":false,"left":657,"nodeId":268,"parentId":251,"right":783,"top":933,"viewIdResourceName":"com.coolapk.market:id/icon_view"},{"bottom":1126,"childCount":0,"className":"android.widget.TextView","depth":22,"isClickable":false,"left":685,"nodeId":269,"parentId":251,"right":755,"text":"众测","top":1070,"viewIdResourceName":"com.coolapk.market:id/title_view"},{"bottom":1059,"childCount":0,"className":"android.widget.ImageView","depth":22,"isClickable":false,"left":921,"nodeId":270,"parentId":252,"right":1047,"top":933,"viewIdResourceName":"com.coolapk.market:id/icon_view"},{"bottom":1126,"childCount":0,"className":"android.widget.TextView","depth":22,"isClickable":false,"left":949,"nodeId":271,"parentId":252,"right":1019,"text":"买过","top":1070,"viewIdResourceName":"com.coolapk.market:id/title_view"},{"bottom":1059,"childCount":0,"className":"android.widget.ImageView","depth":22,"isClickable":false,"left":1185,"nodeId":272,"parentId":253,"right":1311,"top":933,"viewIdResourceName":"com.coolapk.market:id/icon_view"},{"bottom":1126,"childCount":0,"className":"android.widget.TextView","depth":22,"isClickable":false,"left":1171,"nodeId":273,"parentId":253,"right":1325,"text":"官方频道","top":1070,"viewIdResourceName":"com.coolapk.market:id/title_view"},{"bottom":894,"childCount":0,"className":"android.widget.ImageView","depth":23,"isClickable":false,"left":32,"nodeId":274,"parentId":260,"right":38,"top":435,"viewIdResourceName":"com.coolapk.market:id/image_view"},{"bottom":894,"childCount":0,"className":"android.widget.ImageView","depth":23,"isClickable":false,"left":38,"nodeId":275,"parentId":261,"right":1408,"top":435,"viewIdResourceName":"com.coolapk.market:id/image_view"},{"bottom":894,"childCount":0,"className":"android.widget.ImageView","depth":23,"isClickable":false,"left":1414,"nodeId":276,"parentId":262,"right":1408,"top":435,"viewIdResourceName":"com.coolapk.market:id/image_view"},{"bottom":859,"childCount":0,"className":"android.widget.ImageView","depth":23,"isClickable":false,"left":1284,"nodeId":277,"parentId":263,"right":1302,"top":841},{"bottom":859,"childCount":0,"className":"android.widget.ImageView","depth":23,"isClickable":false,"left":1316,"nodeId":278,"parentId":263,"right":1334,"top":841},{"bottom":859,"childCount":0,"className":"android.widget.ImageView","depth":23,"isClickable":false,"left":1348,"nodeId":279,"parentId":263,"right":1366,"top":841}],"packageName":"com.coolapk.market","screenHeight":3200,"screenWidth":1440}