{"activityName":"com.cainiao.wireless.homepage.view.activity.AdsActivity","appName":"菜鸟","createTime":1746664588871,"deviceName":"Xiaomi 23013RK75C","fileId":"dba416c1-f18d-45c4-8042-16e2c15bead5","nodes":[{"bottom":3200,"childCount":2,"className":"android.widget.FrameLayout","depth":0,"isClickable":false,"left":0,"nodeId":0,"parentId":-1,"right":1440,"top":0},{"bottom":3144,"childCount":1,"className":"android.widget.LinearLayout","depth":1,"isClickable":false,"left":0,"nodeId":1,"parentId":0,"right":1440,"top":0},{"bottom":3200,"childCount":0,"className":"android.view.View","depth":1,"isClickable":false,"left":0,"nodeId":2,"parentId":0,"right":1440,"top":3144,"viewIdResourceName":"android:id/navigationBarBackground"},{"bottom":3144,"childCount":1,"className":"android.widget.FrameLayout","depth":2,"isClickable":false,"left":0,"nodeId":3,"parentId":1,"right":1440,"top":0,"viewIdResourceName":"android:id/content"},{"bottom":3144,"childCount":1,"className":"android.widget.FrameLayout","depth":3,"isClickable":false,"left":0,"nodeId":4,"parentId":3,"right":1440,"top":0,"viewIdResourceName":"com.cainiao.wireless:id/homesplash"},{"bottom":3144,"childCount":2,"className":"android.view.ViewGroup","depth":4,"isClickable":false,"left":0,"nodeId":5,"parentId":4,"right":1440,"top":0,"viewIdResourceName":"com.cainiao.wireless:id/third_splash_bottom_layout"},{"bottom":3144,"childCount":4,"className":"android.widget.RelativeLayout","depth":5,"isClickable":false,"left":0,"nodeId":6,"parentId":5,"right":1440,"top":0},{"bottom":120,"childCount":0,"className":"android.view.View","depth":5,"isClickable":false,"left":0,"nodeId":7,"parentId":5,"right":1440,"top":0,"viewIdResourceName":"com.cainiao.wireless:id/spaceView"},{"bottom":3144,"childCount":0,"className":"android.view.View","depth":6,"isClickable":false,"left":0,"nodeId":8,"parentId":6,"right":1440,"top":0,"viewIdResourceName":"com.cainiao.wireless:id/video_cov"},{"bottom":2808,"childCount":1,"className":"android.widget.FrameLayout","depth":6,"isClickable":false,"left":0,"nodeId":9,"parentId":6,"right":1440,"top":0,"viewIdResourceName":"com.cainiao.wireless:id/fl_third_splash_container"},{"bottom":3144,"childCount":0,"className":"android.view.View","depth":6,"isClickable":false,"left":0,"nodeId":10,"parentId":6,"right":1440,"top":2759},{"bottom":3144,"childCount":1,"className":"android.view.ViewGroup","depth":6,"isClickable":false,"left":0,"nodeId":11,"parentId":6,"right":1440,"top":2808,"viewIdResourceName":"com.cainiao.wireless:id/third_splash_bottom_container"},{"bottom":2808,"childCount":1,"className":"android.widget.FrameLayout","depth":7,"isClickable":false,"left":0,"nodeId":12,"parentId":9,"right":1440,"top":0},{"bottom":3106,"childCount":0,"className":"android.widget.ImageView","depth":7,"isClickable":false,"left":634,"nodeId":13,"parentId":11,"right":806,"top":2847},{"bottom":2808,"childCount":5,"className":"android.widget.FrameLayout","depth":8,"isClickable":false,"left":0,"nodeId":14,"parentId":12,"right":1440,"top":0},{"bottom":2808,"childCount":0,"className":"android.widget.FrameLayout","depth":9,"isClickable":false,"left":0,"nodeId":15,"parentId":14,"right":1440,"top":0},{"bottom":2808,"childCount":1,"className":"android.widget.FrameLayout","depth":9,"isClickable":false,"left":0,"nodeId":16,"parentId":14,"right":1440,"top":0},{"bottom":281,"childCount":0,"className":"android.widget.ImageView","depth":9,"isClickable":true,"left":56,"nodeId":17,"parentId":14,"right":161,"top":176},{"bottom":316,"childCount":0,"className":"android.view.View","depth":9,"isClickable":true,"left":1244,"nodeId":18,"parentId":14,"right":1384,"top":176},{"bottom":2668,"childCount":0,"className":"android.widget.TextView","depth":9,"isClickable":true,"left":70,"nodeId":19,"parentId":14,"right":182,"top":2619},{"bottom":2808,"childCount":3,"className":"android.widget.FrameLayout","depth":10,"isClickable":false,"left":0,"nodeId":20,"parentId":16,"right":1440,"top":0},{"bottom":2808,"childCount":0,"className":"android.widget.FrameLayout","depth":11,"isClickable":false,"left":0,"nodeId":21,"parentId":20,"right":1440,"top":0},{"bottom":2808,"childCount":0,"className":"android.widget.FrameLayout","depth":11,"isClickable":false,"left":0,"nodeId":22,"parentId":20,"right":1440,"top":0},{"bottom":2808,"childCount":1,"className":"android.widget.FrameLayout","depth":11,"isClickable":false,"left":0,"nodeId":23,"parentId":20,"right":1440,"top":0},{"bottom":2807,"childCount":1,"className":"android.widget.FrameLayout","depth":12,"isClickable":false,"left":0,"nodeId":24,"parentId":23,"right":1440,"top":0},{"bottom":2807,"childCount":2,"className":"android.view.ViewGroup","depth":13,"isClickable":false,"left":0,"nodeId":25,"parentId":24,"right":1440,"top":0},{"bottom":2807,"childCount":1,"className":"android.view.ViewGroup","depth":14,"isClickable":false,"left":0,"nodeId":26,"parentId":25,"right":1440,"top":0},{"bottom":2807,"childCount":1,"className":"android.view.ViewGroup","depth":14,"isClickable":false,"left":0,"nodeId":27,"parentId":25,"right":1440,"top":0},{"bottom":2807,"childCount":1,"className":"android.view.ViewGroup","depth":15,"isClickable":false,"left":0,"nodeId":28,"parentId":26,"right":1440,"top":0},{"bottom":2807,"childCount":1,"className":"android.view.ViewGroup","depth":15,"isClickable":false,"left":0,"nodeId":29,"parentId":27,"right":1440,"top":0},{"bottom":2807,"childCount":1,"className":"android.widget.FrameLayout","depth":16,"isClickable":false,"left":0,"nodeId":30,"parentId":28,"right":1440,"top":0},{"bottom":2474,"childCount":3,"className":"android.view.ViewGroup","depth":16,"isClickable":false,"left":0,"nodeId":31,"parentId":29,"right":1440,"top":1821},{"bottom":2807,"childCount":1,"className":"android.widget.FrameLayout","depth":17,"isClickable":false,"left":0,"nodeId":32,"parentId":30,"right":1440,"top":0},{"bottom":2269,"childCount":0,"className":"android.widget.ImageView","depth":17,"isClickable":false,"left":195,"nodeId":33,"parentId":31,"right":1245,"top":1821},{"bottom":2388,"childCount":0,"className":"android.widget.TextView","depth":17,"isClickable":false,"left":450,"nodeId":34,"parentId":31,"right":990,"text":"任意滑动 或 扭一扭","top":2304},{"bottom":2474,"childCount":2,"className":"android.view.ViewGroup","depth":17,"isClickable":false,"left":386,"nodeId":35,"parentId":31,"right":1055,"top":2388},{"bottom":2807,"childCount":1,"className":"android.widget.FrameLayout","depth":18,"isClickable":false,"left":0,"nodeId":36,"parentId":32,"right":1440,"top":0},{"bottom":2473,"childCount":0,"className":"android.widget.ImageView","depth":18,"isClickable":false,"left":386,"nodeId":37,"parentId":35,"right":449,"top":2410},{"bottom":2474,"childCount":0,"className":"android.widget.TextView","depth":18,"isClickable":false,"left":467,"nodeId":38,"parentId":35,"right":1055,"text":"跳转至详情页或第三方应用","top":2409},{"bottom":2807,"childCount":1,"className":"android.widget.FrameLayout","depth":19,"isClickable":false,"left":0,"nodeId":39,"parentId":36,"right":1440,"top":0},{"bottom":2807,"childCount":1,"className":"android.widget.FrameLayout","depth":20,"isClickable":false,"left":0,"nodeId":40,"parentId":39,"right":1440,"top":0},{"bottom":2807,"childCount":4,"className":"android.widget.RelativeLayout","depth":21,"isClickable":false,"left":0,"nodeId":41,"parentId":40,"right":1440,"top":0},{"bottom":0,"childCount":0,"className":"android.view.View","depth":22,"isClickable":false,"left":0,"nodeId":42,"parentId":41,"right":0,"top":0},{"bottom":2807,"childCount":0,"className":"android.view.View","depth":22,"isClickable":false,"left":0,"nodeId":43,"parentId":41,"right":1440,"top":0},{"bottom":2807,"childCount":1,"className":"android.widget.RelativeLayout","depth":22,"isClickable":false,"left":0,"nodeId":44,"parentId":41,"right":1440,"top":0},{"bottom":2807,"childCount":0,"className":"android.widget.ProgressBar","depth":22,"isClickable":false,"left":0,"nodeId":45,"parentId":41,"right":1440,"top":2802},{"bottom":2807,"childCount":0,"className":"android.widget.ImageView","depth":23,"isClickable":false,"left":0,"nodeId":46,"parentId":44,"right":1440,"top":0}],"packageName":"com.cainiao.wireless","screenHeight":3200,"screenWidth":1440}