{"activityName":"com.douban.frodo.activity.SplashActivity","appName":"豆瓣","createTime":1725868095626,"fileId":"cfe9660a-1d45-4904-a8a7-8d846faa1a49","nodes":[{"bottom":3200,"childCount":1,"className":"android.widget.FrameLayout","depth":0,"isClickable":false,"left":0,"nodeId":0,"parentId":-1,"right":1440,"top":0},{"bottom":3200,"childCount":1,"className":"android.widget.LinearLayout","depth":1,"isClickable":false,"left":0,"nodeId":1,"parentId":0,"right":1440,"top":0},{"bottom":3200,"childCount":1,"className":"android.widget.FrameLayout","depth":2,"isClickable":false,"left":0,"nodeId":2,"parentId":1,"right":1440,"top":0},{"bottom":3200,"childCount":1,"className":"android.widget.FrameLayout","depth":3,"isClickable":false,"left":0,"nodeId":3,"parentId":2,"right":1440,"top":0,"viewIdResourceName":"com.douban.frodo:id/action_bar_root"},{"bottom":3200,"childCount":1,"className":"android.widget.FrameLayout","depth":4,"isClickable":false,"left":0,"nodeId":4,"parentId":3,"right":1440,"top":0,"viewIdResourceName":"android:id/content"},{"bottom":3200,"childCount":2,"className":"android.widget.FrameLayout","depth":5,"isClickable":false,"left":0,"nodeId":5,"parentId":4,"right":1440,"top":0},{"bottom":3200,"childCount":1,"className":"android.widget.FrameLayout","depth":6,"isClickable":false,"left":0,"nodeId":6,"parentId":5,"right":1440,"top":0,"viewIdResourceName":"com.douban.frodo:id/main_container"},{"bottom":3200,"childCount":1,"className":"android.widget.FrameLayout","depth":6,"isClickable":false,"left":0,"nodeId":7,"parentId":5,"right":1440,"top":0,"viewIdResourceName":"com.douban.frodo:id/splash"},{"bottom":3200,"childCount":1,"className":"androidx.drawerlayout.widget.DrawerLayout","depth":7,"isClickable":false,"left":0,"nodeId":8,"parentId":6,"right":1440,"top":0,"viewIdResourceName":"com.douban.frodo:id/drawer_layout"},{"bottom":3200,"childCount":8,"className":"android.view.ViewGroup","depth":7,"isClickable":true,"left":0,"nodeId":9,"parentId":7,"right":1440,"top":0,"viewIdResourceName":"com.douban.frodo:id/ad_parent"},{"bottom":3200,"childCount":3,"className":"android.widget.RelativeLayout","depth":8,"isClickable":false,"left":0,"nodeId":10,"parentId":8,"right":1440,"top":0,"viewIdResourceName":"com.douban.frodo:id/main_container"},{"bottom":3200,"childCount":0,"className":"android.view.View","depth":8,"isClickable":false,"left":0,"nodeId":11,"parentId":9,"right":1440,"top":0,"viewIdResourceName":"com.douban.frodo:id/skip"},{"bottom":2560,"childCount":1,"className":"android.widget.FrameLayout","depth":8,"isClickable":false,"left":0,"nodeId":12,"parentId":9,"right":1440,"top":0,"viewIdResourceName":"com.douban.frodo:id/ad_view"},{"bottom":2560,"childCount":1,"className":"android.widget.FrameLayout","depth":8,"isClickable":false,"left":0,"nodeId":13,"parentId":9,"right":1440,"top":2138,"viewIdResourceName":"com.douban.frodo:id/click_area"},{"bottom":2660,"childCount":0,"className":"android.widget.TextView","depth":8,"isClickable":false,"left":1271,"nodeId":14,"parentId":9,"right":1440,"text":"广告","top":2560,"viewIdResourceName":"com.douban.frodo:id/ad_mark"},{"bottom":2964,"childCount":0,"className":"android.widget.ImageView","depth":8,"isClickable":false,"left":528,"nodeId":15,"parentId":9,"right":696,"top":2796,"viewIdResourceName":"com.douban.frodo:id/splash_bottom_icon"},{"bottom":2924,"childCount":0,"className":"android.widget.ImageView","depth":8,"isClickable":false,"left":731,"nodeId":16,"parentId":9,"right":913,"top":2836,"viewIdResourceName":"com.douban.frodo:id/splash_bottom_label"},{"bottom":2924,"childCount":0,"className":"android.widget.TextView","depth":8,"isClickable":false,"left":941,"nodeId":17,"parentId":9,"right":1029,"text":"7.83.0","top":2864,"viewIdResourceName":"com.douban.frodo:id/splash_bottom_version"},{"bottom":2973,"childCount":0,"className":"android.widget.ImageView","depth":8,"isClickable":false,"left":719,"nodeId":18,"parentId":9,"right":721,"top":2971,"viewIdResourceName":"com.douban.frodo:id/market"},{"bottom":3025,"childCount":5,"className":"androidx.viewpager.widget.ViewPager","depth":9,"isClickable":false,"left":0,"nodeId":19,"parentId":10,"right":1440,"top":0,"viewIdResourceName":"com.douban.frodo:id/view_pager"},{"bottom":2979,"childCount":0,"className":"android.widget.ImageButton","depth":9,"isClickable":true,"left":1219,"nodeId":20,"parentId":10,"right":1387,"top":2811,"viewIdResourceName":"com.douban.frodo:id/btn_post"},{"bottom":3200,"childCount":2,"className":"android.widget.LinearLayout","depth":9,"isClickable":false,"left":0,"nodeId":21,"parentId":10,"right":1440,"top":3023,"viewIdResourceName":"com.douban.frodo:id/tab_layout"},{"bottom":2560,"childCount":0,"className":"android.widget.ImageView","depth":9,"isClickable":false,"left":0,"nodeId":22,"parentId":12,"right":1440,"top":0,"viewIdResourceName":"com.douban.frodo:id/_ad_image_"},{"bottom":2560,"childCount":1,"className":"android.widget.FrameLayout","depth":9,"isClickable":false,"left":0,"nodeId":23,"parentId":13,"right":1440,"top":2138},{"bottom":3025,"childCount":2,"className":"android.view.ViewGroup","depth":10,"isClickable":false,"left":0,"nodeId":24,"parentId":19,"right":1440,"top":0,"viewIdResourceName":"com.douban.frodo:id/main_content"},{"bottom":3025,"childCount":2,"className":"android.widget.LinearLayout","depth":10,"isClickable":false,"left":1440,"nodeId":25,"parentId":19,"right":1440,"top":0,"viewIdResourceName":"com.douban.frodo:id/subject_content_container"},{"bottom":3025,"childCount":2,"className":"android.widget.LinearLayout","depth":10,"isClickable":false,"left":2880,"nodeId":26,"parentId":19,"right":1440,"top":0},{"bottom":3025,"childCount":2,"className":"android.widget.LinearLayout","depth":10,"isClickable":false,"left":4320,"nodeId":27,"parentId":19,"right":1440,"top":0},{"bottom":3025,"childCount":4,"className":"android.widget.FrameLayout","depth":10,"isClickable":false,"left":5760,"nodeId":28,"parentId":19,"right":1440,"top":0},{"bottom":3025,"childCount":0,"className":"android.widget.ImageView","depth":10,"isClickable":false,"left":0,"nodeId":29,"parentId":21,"right":1440,"top":3023,"viewIdResourceName":"com.douban.frodo:id/tab_divider"},{"bottom":3200,"childCount":1,"className":"android.widget.HorizontalScrollView","depth":10,"isClickable":false,"left":0,"nodeId":30,"parentId":21,"right":1440,"top":3025,"viewIdResourceName":"com.douban.frodo:id/tab_strip"},{"bottom":2490,"childCount":3,"className":"android.widget.LinearLayout","depth":10,"isClickable":false,"left":444,"nodeId":31,"parentId":23,"right":996,"top":2138},{"bottom":430,"childCount":4,"className":"android.widget.LinearLayout","depth":11,"isClickable":false,"left":0,"nodeId":32,"parentId":24,"right":1440,"top":0,"viewIdResourceName":"com.douban.frodo:id/appbar"},{"bottom":3025,"childCount":2,"className":"androidx.viewpager.widget.ViewPager","depth":11,"isClickable":false,"left":0,"nodeId":33,"parentId":24,"right":1440,"top":430,"viewIdResourceName":"com.douban.frodo:id/viewpager"},{"bottom":288,"childCount":1,"className":"android.widget.FrameLayout","depth":11,"isClickable":false,"left":1440,"nodeId":34,"parentId":25,"right":1440,"top":0,"viewIdResourceName":"com.douban.frodo:id/ll_search_header"},{"bottom":3025,"childCount":2,"className":"android.widget.FrameLayout","depth":11,"isClickable":false,"left":1440,"nodeId":35,"parentId":25,"right":1440,"top":288,"viewIdResourceName":"com.douban.frodo:id/coordinator"},{"bottom":288,"childCount":1,"className":"android.widget.FrameLayout","depth":11,"isClickable":false,"left":2880,"nodeId":36,"parentId":26,"right":1440,"top":0,"viewIdResourceName":"com.douban.frodo:id/ll_search_header"},{"bottom":3025,"childCount":2,"className":"android.widget.FrameLayout","depth":11,"isClickable":false,"left":2880,"nodeId":37,"parentId":26,"right":1440,"top":288,"viewIdResourceName":"com.douban.frodo:id/fragment_layout"},{"bottom":288,"childCount":1,"className":"android.widget.FrameLayout","depth":11,"isClickable":false,"left":4320,"nodeId":38,"parentId":27,"right":1440,"top":0,"viewIdResourceName":"com.douban.frodo:id/ll_search_header"},{"bottom":3025,"childCount":2,"className":"android.widget.FrameLayout","depth":11,"isClickable":false,"left":4320,"nodeId":39,"parentId":27,"right":1440,"top":288,"viewIdResourceName":"com.douban.frodo:id/fragment_layout"},{"bottom":291,"childCount":0,"className":"android.view.View","depth":11,"isClickable":false,"left":5760,"nodeId":40,"parentId":28,"right":1440,"top":0,"viewIdResourceName":"com.douban.frodo:id/topMask"},{"bottom":3025,"childCount":0,"className":"android.widget.ImageView","depth":11,"isClickable":false,"left":5760,"nodeId":41,"parentId":28,"right":1440,"top":0,"viewIdResourceName":"com.douban.frodo:id/profileHeaderBackground2"},{"bottom":3025,"childCount":2,"className":"android.view.ViewGroup","depth":11,"isClickable":false,"left":5760,"nodeId":42,"parentId":28,"right":1440,"top":0,"viewIdResourceName":"com.douban.frodo:id/smartRefreshLayout"},{"bottom":273,"childCount":1,"className":"android.view.ViewGroup","depth":11,"isClickable":false,"left":5760,"nodeId":43,"parentId":28,"right":1440,"top":0,"viewIdResourceName":"com.douban.frodo:id/toolbarContainer"},{"bottom":3200,"childCount":5,"className":"android.widget.LinearLayout","depth":11,"isClickable":false,"left":0,"nodeId":44,"parentId":30,"right":1440,"top":3025},{"bottom":2313,"childCount":0,"className":"android.widget.ImageView","depth":11,"isClickable":false,"left":632,"nodeId":45,"parentId":31,"right":807,"top":2138,"viewIdResourceName":"com.douban.frodo:id/slide"},{"bottom":2414,"childCount":0,"className":"android.widget.TextView","depth":11,"isClickable":false,"left":600,"nodeId":46,"parentId":31,"right":840,"text":"向上滑动","top":2334,"viewIdResourceName":"com.douban.frodo:id/title"},{"bottom":2490,"childCount":0,"className":"android.widget.TextView","depth":11,"isClickable":false,"left":444,"nodeId":47,"parentId":31,"right":996,"text":"跳转详情页面或第三方应用","top":2428,"viewIdResourceName":"com.douban.frodo:id/info"},{"bottom":288,"childCount":1,"className":"android.widget.FrameLayout","depth":12,"isClickable":false,"left":0,"nodeId":48,"parentId":32,"right":1440,"top":0,"viewIdResourceName":"com.douban.frodo:id/search_layout"},{"bottom":428,"childCount":1,"className":"android.widget.HorizontalScrollView","depth":12,"isClickable":false,"left":46,"nodeId":49,"parentId":32,"right":664,"top":288,"viewIdResourceName":"com.douban.frodo:id/tab_layout"},{"bottom":430,"childCount":0,"className":"android.widget.ImageView","depth":12,"isClickable":false,"left":46,"nodeId":50,"parentId":32,"right":1394,"top":428},{"bottom":430,"childCount":1,"className":"android.widget.LinearLayout","depth":12,"isClickable":false,"left":0,"nodeId":51,"parentId":32,"right":1440,"top":430,"viewIdResourceName":"com.douban.frodo:id/status_upload_progress"},{"bottom":3025,"childCount":2,"className":"android.widget.FrameLayout","depth":12,"isClickable":false,"left":0,"nodeId":52,"parentId":33,"right":0,"top":430},{"bottom":3025,"childCount":1,"className":"android.widget.FrameLayout","depth":12,"isClickable":false,"left":0,"nodeId":53,"parentId":33,"right":1440,"top":430},{"bottom":288,"childCount":4,"className":"android.widget.RelativeLayout","depth":12,"isClickable":false,"left":1440,"nodeId":54,"parentId":34,"right":1440,"top":120},{"bottom":3025,"childCount":0,"className":"androidx.viewpager.widget.ViewPager","depth":12,"isClickable":false,"left":1440,"nodeId":55,"parentId":35,"right":1440,"top":288,"viewIdResourceName":"com.douban.frodo:id/subject_view_pager"},{"bottom":428,"childCount":1,"className":"android.widget.HorizontalScrollView","depth":12,"isClickable":false,"left":1493,"nodeId":56,"parentId":35,"right":1440,"top":288,"viewIdResourceName":"com.douban.frodo:id/subject_tab_strip"},{"bottom":288,"childCount":4,"className":"android.widget.RelativeLayout","depth":12,"isClickable":false,"left":2880,"nodeId":57,"parentId":36,"right":1440,"top":120},{"bottom":288,"childCount":0,"className":"android.widget.FrameLayout","depth":12,"isClickable":false,"left":2880,"nodeId":58,"parentId":37,"right":1440,"top":288,"viewIdResourceName":"com.douban.frodo:id/footer_view"},{"bottom":3025,"childCount":0,"className":"android.widget.FrameLayout","depth":12,"isClickable":false,"left":2880,"nodeId":59,"parentId":37,"right":1440,"top":288,"viewIdResourceName":"com.douban.frodo:id/fragment_container"},{"bottom":288,"childCount":4,"className":"android.widget.RelativeLayout","depth":12,"isClickable":false,"left":4320,"nodeId":60,"parentId":38,"right":1440,"top":120},{"bottom":288,"childCount":0,"className":"android.widget.FrameLayout","depth":12,"isClickable":false,"left":4320,"nodeId":61,"parentId":39,"right":1440,"top":288,"viewIdResourceName":"com.douban.frodo:id/footer_view"},{"bottom":3025,"childCount":0,"className":"android.widget.FrameLayout","depth":12,"isClickable":false,"left":4320,"nodeId":62,"parentId":39,"right":1440,"top":288,"viewIdResourceName":"com.douban.frodo:id/fragment_container"},{"bottom":2675,"childCount":0,"className":"android.view.View","depth":12,"isClickable":false,"left":5760,"nodeId":63,"parentId":42,"right":1440,"top":0},{"bottom":3025,"childCount":2,"className":"android.view.ViewGroup","depth":12,"isClickable":false,"left":5760,"nodeId":64,"parentId":42,"right":1440,"top":0,"viewIdResourceName":"com.douban.frodo:id/rootView"},{"bottom":273,"childCount":2,"className":"android.view.ViewGroup","depth":12,"isClickable":false,"left":5760,"nodeId":65,"parentId":43,"right":1440,"top":105,"viewIdResourceName":"com.douban.frodo:id/toolbarLayout"},{"bottom":3200,"childCount":2,"className":"android.widget.RelativeLayout","depth":12,"isClickable":true,"left":0,"nodeId":66,"parentId":44,"right":287,"top":3025},{"bottom":3200,"childCount":2,"className":"android.widget.RelativeLayout","depth":12,"isClickable":true,"left":287,"nodeId":67,"parentId":44,"right":574,"top":3025},{"bottom":3200,"childCount":2,"className":"android.widget.RelativeLayout","depth":12,"isClickable":true,"left":574,"nodeId":68,"parentId":44,"right":861,"top":3025},{"bottom":3200,"childCount":2,"className":"android.widget.RelativeLayout","depth":12,"isClickable":true,"left":861,"nodeId":69,"parentId":44,"right":1148,"top":3025},{"bottom":3200,"childCount":2,"className":"android.widget.RelativeLayout","depth":12,"isClickable":true,"left":1148,"nodeId":70,"parentId":44,"right":1435,"top":3025},{"bottom":288,"childCount":4,"className":"android.widget.RelativeLayout","depth":13,"isClickable":false,"left":0,"nodeId":71,"parentId":48,"right":1440,"top":120},{"bottom":428,"childCount":2,"className":"android.widget.LinearLayout","depth":13,"isClickable":false,"left":46,"nodeId":72,"parentId":49,"right":664,"top":288},{"bottom":430,"childCount":0,"className":"android.widget.LinearLayout","depth":13,"isClickable":false,"left":0,"nodeId":73,"parentId":51,"right":1440,"top":430},{"bottom":430,"childCount":0,"className":"android.widget.ImageView","depth":13,"isClickable":false,"left":0,"nodeId":74,"parentId":52,"right":0,"top":430,"viewIdResourceName":"com.douban.frodo:id/pre_load"},{"bottom":3025,"childCount":2,"className":"android.view.ViewGroup","depth":13,"isClickable":false,"left":0,"nodeId":75,"parentId":52,"right":0,"top":430,"viewIdResourceName":"com.douban.frodo:id/swipe_refresh_layout"},{"bottom":3025,"childCount":2,"className":"android.view.ViewGroup","depth":13,"isClickable":false,"left":0,"nodeId":76,"parentId":53,"right":1440,"top":430,"viewIdResourceName":"com.douban.frodo:id/swipe_refresh_layout"},{"bottom":263,"childCount":0,"className":"android.widget.ImageView","depth":13,"isClickable":true,"left":1440,"nodeId":77,"parentId":54,"right":1440,"top":144,"viewIdResourceName":"com.douban.frodo:id/ic_menu"},{"bottom":263,"childCount":1,"className":"android.widget.FrameLayout","depth":13,"isClickable":true,"left":1664,"nodeId":78,"parentId":54,"right":1440,"top":144,"viewIdResourceName":"com.douban.frodo:id/search_header"},{"bottom":263,"childCount":0,"className":"android.widget.ImageView","depth":13,"isClickable":true,"left":2516,"nodeId":79,"parentId":54,"right":1440,"top":144,"viewIdResourceName":"com.douban.frodo:id/menu_podcast"},{"bottom":263,"childCount":1,"className":"android.widget.FrameLayout","depth":13,"isClickable":true,"left":2656,"nodeId":80,"parentId":54,"right":1440,"top":144,"viewIdResourceName":"com.douban.frodo:id/menu_notification"},{"bottom":428,"childCount":0,"className":"android.widget.LinearLayout","depth":13,"isClickable":false,"left":1493,"nodeId":81,"parentId":56,"right":1440,"top":288},{"bottom":263,"childCount":0,"className":"android.widget.ImageView","depth":13,"isClickable":true,"left":2880,"nodeId":82,"parentId":57,"right":1440,"top":144,"viewIdResourceName":"com.douban.frodo:id/ic_menu"},{"bottom":263,"childCount":1,"className":"android.widget.FrameLayout","depth":13,"isClickable":true,"left":3104,"nodeId":83,"parentId":57,"right":1440,"top":144,"viewIdResourceName":"com.douban.frodo:id/search_header"},{"bottom":263,"childCount":0,"className":"android.widget.ImageView","depth":13,"isClickable":true,"left":3956,"nodeId":84,"parentId":57,"right":1440,"top":144,"viewIdResourceName":"com.douban.frodo:id/menu_podcast"},{"bottom":263,"childCount":1,"className":"android.widget.FrameLayout","depth":13,"isClickable":true,"left":4096,"nodeId":85,"parentId":57,"right":1440,"top":144,"viewIdResourceName":"com.douban.frodo:id/menu_notification"},{"bottom":263,"childCount":0,"className":"android.widget.ImageView","depth":13,"isClickable":true,"left":4320,"nodeId":86,"parentId":60,"right":1440,"top":144,"viewIdResourceName":"com.douban.frodo:id/ic_menu"},{"bottom":263,"childCount":1,"className":"android.widget.FrameLayout","depth":13,"isClickable":true,"left":4544,"nodeId":87,"parentId":60,"right":1440,"top":144,"viewIdResourceName":"com.douban.frodo:id/search_header"},{"bottom":263,"childCount":0,"className":"android.widget.ImageView","depth":13,"isClickable":true,"left":5396,"nodeId":88,"parentId":60,"right":1440,"top":144,"viewIdResourceName":"com.douban.frodo:id/menu_podcast"},{"bottom":263,"childCount":1,"className":"android.widget.FrameLayout","depth":13,"isClickable":true,"left":5536,"nodeId":89,"parentId":60,"right":1440,"top":144,"viewIdResourceName":"com.douban.frodo:id/menu_notification"},{"bottom":1476,"childCount":2,"className":"android.widget.LinearLayout","depth":13,"isClickable":false,"left":5760,"nodeId":90,"parentId":64,"right":1440,"top":0,"viewIdResourceName":"com.douban.frodo:id/appBar"},{"bottom":3025,"childCount":0,"className":"androidx.viewpager.widget.ViewPager","depth":13,"isClickable":false,"left":5760,"nodeId":91,"parentId":64,"right":1440,"top":1476,"viewIdResourceName":"com.douban.frodo:id/viewPager"},{"bottom":224,"childCount":0,"className":"android.widget.ImageView","depth":13,"isClickable":false,"left":5760,"nodeId":92,"parentId":65,"right":1440,"top":154,"viewIdResourceName":"com.douban.frodo:id/icMenu"},{"bottom":249,"childCount":0,"className":"android.widget.ImageView","depth":13,"isClickable":false,"left":6836,"nodeId":93,"parentId":65,"right":1440,"top":130,"viewIdResourceName":"com.douban.frodo:id/menuPodcast"},{"bottom":3137,"childCount":1,"className":"android.widget.FrameLayout","depth":13,"isClickable":false,"left":91,"nodeId":94,"parentId":66,"right":196,"top":3032,"viewIdResourceName":"com.douban.frodo:id/icon_layout"},{"bottom":3200,"childCount":0,"className":"android.widget.TextView","depth":13,"isClickable":false,"left":108,"nodeId":95,"parentId":66,"right":178,"text":"首页","top":3139,"viewIdResourceName":"com.douban.frodo:id/mTitle"},{"bottom":3137,"childCount":1,"className":"android.widget.FrameLayout","depth":13,"isClickable":false,"left":378,"nodeId":96,"parentId":67,"right":483,"top":3032,"viewIdResourceName":"com.douban.frodo:id/icon_layout"},{"bottom":3200,"childCount":0,"className":"android.widget.TextView","depth":13,"isClickable":false,"left":378,"nodeId":97,"parentId":67,"right":483,"text":"书影音","top":3139,"viewIdResourceName":"com.douban.frodo:id/mTitle"},{"bottom":3137,"childCount":1,"className":"android.widget.FrameLayout","depth":13,"isClickable":false,"left":665,"nodeId":98,"parentId":68,"right":770,"top":3032,"viewIdResourceName":"com.douban.frodo:id/icon_layout"},{"bottom":3200,"childCount":0,"className":"android.widget.TextView","depth":13,"isClickable":false,"left":682,"nodeId":99,"parentId":68,"right":752,"text":"小组","top":3139,"viewIdResourceName":"com.douban.frodo:id/mTitle"},{"bottom":3137,"childCount":1,"className":"android.widget.FrameLayout","depth":13,"isClickable":false,"left":952,"nodeId":100,"parentId":69,"right":1057,"top":3032,"viewIdResourceName":"com.douban.frodo:id/icon_layout"},{"bottom":3200,"childCount":0,"className":"android.widget.TextView","depth":13,"isClickable":false,"left":969,"nodeId":101,"parentId":69,"right":1039,"text":"市集","top":3139,"viewIdResourceName":"com.douban.frodo:id/mTitle"},{"bottom":3137,"childCount":1,"className":"android.widget.FrameLayout","depth":13,"isClickable":false,"left":1239,"nodeId":102,"parentId":70,"right":1344,"top":3032,"viewIdResourceName":"com.douban.frodo:id/icon_layout"},{"bottom":3200,"childCount":0,"className":"android.widget.TextView","depth":13,"isClickable":false,"left":1274,"nodeId":103,"parentId":70,"right":1309,"text":"我","top":3139,"viewIdResourceName":"com.douban.frodo:id/mTitle"},{"bottom":263,"childCount":0,"className":"android.widget.ImageView","depth":14,"isClickable":true,"left":0,"nodeId":104,"parentId":71,"right":224,"top":144,"viewIdResourceName":"com.douban.frodo:id/ic_menu"},{"bottom":263,"childCount":1,"className":"android.widget.FrameLayout","depth":14,"isClickable":true,"left":224,"nodeId":105,"parentId":71,"right":1055,"top":144,"viewIdResourceName":"com.douban.frodo:id/search_header"},{"bottom":263,"childCount":0,"className":"android.widget.ImageView","depth":14,"isClickable":true,"left":1076,"nodeId":106,"parentId":71,"right":1265,"top":144,"viewIdResourceName":"com.douban.frodo:id/menu_podcast"},{"bottom":263,"childCount":1,"className":"android.widget.FrameLayout","depth":14,"isClickable":true,"left":1216,"nodeId":107,"parentId":71,"right":1440,"top":144,"viewIdResourceName":"com.douban.frodo:id/menu_notification"},{"bottom":428,"childCount":0,"className":"android.widget.TextView","depth":14,"isClickable":true,"left":46,"nodeId":108,"parentId":72,"right":369,"text":"动态","top":288},{"bottom":428,"childCount":0,"className":"android.widget.TextView","depth":14,"isClickable":true,"left":369,"nodeId":109,"parentId":72,"right":664,"text":"推荐","top":288},{"bottom":430,"childCount":1,"className":"android.widget.RelativeLayout","depth":14,"isClickable":false,"left":0,"nodeId":110,"parentId":75,"right":0,"top":430},{"bottom":3025,"childCount":0,"className":"androidx.recyclerview.widget.RecyclerView","depth":14,"isClickable":false,"left":0,"nodeId":111,"parentId":75,"right":0,"top":430,"viewIdResourceName":"com.douban.frodo:id/list_view"},{"bottom":430,"childCount":1,"className":"android.widget.RelativeLayout","depth":14,"isClickable":false,"left":0,"nodeId":112,"parentId":76,"right":1440,"top":430},{"bottom":3025,"childCount":0,"className":"androidx.recyclerview.widget.RecyclerView","depth":14,"isClickable":false,"left":0,"nodeId":113,"parentId":76,"right":1440,"top":430,"viewIdResourceName":"com.douban.frodo:id/list_view"},{"bottom":263,"childCount":0,"className":"android.widget.TextView","depth":14,"isClickable":false,"left":1863,"nodeId":114,"parentId":78,"right":1440,"text":"姥姥的外孙","top":144,"viewIdResourceName":"com.douban.frodo:id/search_hint"},{"bottom":245,"childCount":0,"className":"android.widget.ImageView","depth":14,"isClickable":false,"left":2726,"nodeId":115,"parentId":80,"right":1440,"top":161,"viewIdResourceName":"com.douban.frodo:id/ic_mail"},{"bottom":263,"childCount":0,"className":"android.widget.TextView","depth":14,"isClickable":false,"left":3303,"nodeId":116,"parentId":83,"right":1440,"text":"姥姥的外孙","top":144,"viewIdResourceName":"com.douban.frodo:id/search_hint"},{"bottom":245,"childCount":0,"className":"android.widget.ImageView","depth":14,"isClickable":false,"left":4166,"nodeId":117,"parentId":85,"right":1440,"top":161,"viewIdResourceName":"com.douban.frodo:id/ic_mail"},{"bottom":263,"childCount":0,"className":"android.widget.TextView","depth":14,"isClickable":false,"left":4743,"nodeId":118,"parentId":87,"right":1440,"text":"姥姥的外孙","top":144,"viewIdResourceName":"com.douban.frodo:id/search_hint"},{"bottom":245,"childCount":0,"className":"android.widget.ImageView","depth":14,"isClickable":false,"left":5606,"nodeId":119,"parentId":89,"right":1440,"top":161,"viewIdResourceName":"com.douban.frodo:id/ic_mail"},{"bottom":1353,"childCount":1,"className":"android.widget.FrameLayout","depth":14,"isClickable":false,"left":5760,"nodeId":120,"parentId":90,"right":1440,"top":0,"viewIdResourceName":"com.douban.frodo:id/headerToolbarLayout"},{"bottom":1476,"childCount":1,"className":"android.view.ViewGroup","depth":14,"isClickable":false,"left":5760,"nodeId":121,"parentId":90,"right":1440,"top":1353,"viewIdResourceName":"com.douban.frodo:id/tabContainer"},{"bottom":3133,"childCount":0,"className":"android.widget.ImageView","depth":14,"isClickable":false,"left":94,"nodeId":122,"parentId":94,"right":192,"top":3035,"viewIdResourceName":"com.douban.frodo:id/mIcon"},{"bottom":3133,"childCount":0,"className":"android.widget.ImageView","depth":14,"isClickable":false,"left":381,"nodeId":123,"parentId":96,"right":479,"top":3035,"viewIdResourceName":"com.douban.frodo:id/mIcon"},{"bottom":3133,"childCount":0,"className":"android.widget.ImageView","depth":14,"isClickable":false,"left":668,"nodeId":124,"parentId":98,"right":766,"top":3035,"viewIdResourceName":"com.douban.frodo:id/mIcon"},{"bottom":3133,"childCount":0,"className":"android.widget.ImageView","depth":14,"isClickable":false,"left":955,"nodeId":125,"parentId":100,"right":1053,"top":3035,"viewIdResourceName":"com.douban.frodo:id/mIcon"},{"bottom":3133,"childCount":0,"className":"android.widget.ImageView","depth":14,"isClickable":false,"left":1242,"nodeId":126,"parentId":102,"right":1340,"top":3035,"viewIdResourceName":"com.douban.frodo:id/mIcon"},{"bottom":263,"childCount":0,"className":"android.widget.TextView","depth":15,"isClickable":false,"left":423,"nodeId":127,"parentId":105,"right":856,"text":"姥姥的外孙","top":144,"viewIdResourceName":"com.douban.frodo:id/search_hint"},{"bottom":245,"childCount":0,"className":"android.widget.ImageView","depth":15,"isClickable":false,"left":1286,"nodeId":128,"parentId":107,"right":1370,"top":161,"viewIdResourceName":"com.douban.frodo:id/ic_mail"},{"bottom":391,"childCount":0,"className":"android.widget.ImageView","depth":15,"isClickable":false,"left":0,"nodeId":129,"parentId":110,"right":-682,"top":430},{"bottom":391,"childCount":0,"className":"android.widget.ImageView","depth":15,"isClickable":false,"left":681,"nodeId":130,"parentId":112,"right":758,"top":430},{"bottom":1353,"childCount":1,"className":"android.widget.LinearLayout","depth":15,"isClickable":false,"left":5760,"nodeId":131,"parentId":120,"right":1440,"top":0,"viewIdResourceName":"com.douban.frodo:id/header_view"},{"bottom":1476,"childCount":1,"className":"android.view.ViewGroup","depth":15,"isClickable":false,"left":5760,"nodeId":132,"parentId":121,"right":1440,"top":1353,"viewIdResourceName":"com.douban.frodo:id/flTabLayout"},{"bottom":1353,"childCount":4,"className":"android.view.ViewGroup","depth":16,"isClickable":false,"left":5760,"nodeId":133,"parentId":131,"right":1440,"top":0,"viewIdResourceName":"com.douban.frodo:id/mToolbarWrapper"},{"bottom":1476,"childCount":0,"className":"android.view.View","depth":16,"isClickable":false,"left":5795,"nodeId":134,"parentId":132,"right":1440,"top":1423,"viewIdResourceName":"com.douban.frodo:id/tvBadgeDivider"},{"bottom":0,"childCount":0,"className":"android.widget.ImageView","depth":17,"isClickable":false,"left":5760,"nodeId":135,"parentId":133,"right":1440,"top":0,"viewIdResourceName":"com.douban.frodo:id/profileHeaderBackground"},{"bottom":746,"childCount":1,"className":"android.widget.RelativeLayout","depth":17,"isClickable":false,"left":6340,"nodeId":136,"parentId":133,"right":1440,"top":0,"viewIdResourceName":"com.douban.frodo:id/avatarLayout"},{"bottom":1353,"childCount":4,"className":"android.view.ViewGroup","depth":17,"isClickable":false,"left":5760,"nodeId":137,"parentId":133,"right":1440,"top":746,"viewIdResourceName":"com.douban.frodo:id/userIntroLayout"},{"bottom":1353,"childCount":0,"className":"android.view.View","depth":17,"isClickable":false,"left":5760,"nodeId":138,"parentId":133,"right":1440,"top":828,"viewIdResourceName":"com.douban.frodo:id/bottomMask"},{"bottom":648,"childCount":0,"className":"android.widget.ImageView","depth":18,"isClickable":false,"left":6340,"nodeId":139,"parentId":136,"right":1440,"top":368,"viewIdResourceName":"com.douban.frodo:id/avatar"},{"bottom":959,"childCount":1,"className":"android.view.ViewGroup","depth":18,"isClickable":false,"left":5806,"nodeId":140,"parentId":137,"right":1440,"top":746,"viewIdResourceName":"com.douban.frodo:id/nameLayout"},{"bottom":1025,"childCount":0,"className":"android.widget.TextView","depth":18,"isClickable":false,"left":5806,"nodeId":141,"parentId":137,"right":1440,"top":959,"viewIdResourceName":"com.douban.frodo:id/userInfoMore"},{"bottom":1164,"childCount":1,"className":"android.view.ViewGroup","depth":18,"isClickable":false,"left":5806,"nodeId":142,"parentId":137,"right":1440,"top":1025,"viewIdResourceName":"com.douban.frodo:id/introLayout"},{"bottom":1353,"childCount":1,"className":"android.widget.FrameLayout","depth":18,"isClickable":false,"left":5806,"nodeId":143,"parentId":137,"right":1440,"top":1164,"viewIdResourceName":"com.douban.frodo:id/userFollowLayout"},{"bottom":959,"childCount":0,"className":"android.widget.TextView","depth":19,"isClickable":false,"left":5806,"nodeId":144,"parentId":140,"right":1440,"top":851,"viewIdResourceName":"com.douban.frodo:id/name"},{"bottom":1129,"childCount":0,"className":"android.widget.TextView","depth":19,"isClickable":false,"left":5806,"nodeId":145,"parentId":142,"right":1440,"top":1025,"viewIdResourceName":"com.douban.frodo:id/intro"},{"bottom":1353,"childCount":0,"className":"android.view.ViewGroup","depth":19,"isClickable":false,"left":5806,"nodeId":146,"parentId":143,"right":1440,"top":1164,"viewIdResourceName":"com.douban.frodo:id/userFollowContainer"}],"packageName":"com.douban.frodo","screenHeight":3200,"screenWidth":1440}