{"activityName":"com.smzdm.client.android.app.WelComeActivity","appName":"什么值得买","createTime":1725961076469,"fileId":"2adae253-623d-4fd3-ad75-b5b32b667dcd","nodes":[{"bottom":3200,"childCount":1,"className":"android.widget.FrameLayout","depth":0,"isClickable":false,"left":0,"nodeId":0,"parentId":-1,"right":1440,"top":0},{"bottom":3200,"childCount":1,"className":"android.widget.LinearLayout","depth":1,"isClickable":false,"left":0,"nodeId":1,"parentId":0,"right":1440,"top":0},{"bottom":3200,"childCount":1,"className":"android.widget.FrameLayout","depth":2,"isClickable":false,"left":0,"nodeId":2,"parentId":1,"right":1440,"top":0},{"bottom":3200,"childCount":1,"className":"android.widget.FrameLayout","depth":3,"isClickable":false,"left":0,"nodeId":3,"parentId":2,"right":1440,"top":0,"viewIdResourceName":"com.smzdm.client.android:id/action_bar_root"},{"bottom":3200,"childCount":1,"className":"android.widget.FrameLayout","depth":4,"isClickable":false,"left":0,"nodeId":4,"parentId":3,"right":1440,"top":0,"viewIdResourceName":"android:id/content"},{"bottom":3200,"childCount":9,"className":"android.view.ViewGroup","depth":5,"isClickable":false,"left":0,"nodeId":5,"parentId":4,"right":1440,"top":0},{"bottom":3200,"childCount":0,"className":"android.widget.ImageView","depth":6,"isClickable":false,"left":0,"nodeId":6,"parentId":5,"right":1440,"top":0,"viewIdResourceName":"com.smzdm.client.android:id/iv_image"},{"bottom":3200,"childCount":0,"className":"android.view.View","depth":6,"isClickable":true,"left":0,"nodeId":7,"parentId":5,"right":1440,"top":0,"viewIdResourceName":"com.smzdm.client.android:id/swipe_area"},{"bottom":3200,"childCount":2,"className":"android.widget.RelativeLayout","depth":6,"isClickable":false,"left":0,"nodeId":8,"parentId":5,"right":1440,"top":0,"viewIdResourceName":"com.smzdm.client.android:id/player_view"},{"bottom":3200,"childCount":2,"className":"android.view.ViewGroup","depth":6,"isClickable":false,"left":0,"nodeId":9,"parentId":5,"right":1440,"top":0},{"bottom":3200,"childCount":0,"className":"android.view.View","depth":6,"isClickable":false,"left":0,"nodeId":10,"parentId":5,"right":1440,"top":2500,"viewIdResourceName":"com.smzdm.client.android:id/bg_black_gradient"},{"bottom":2820,"childCount":2,"className":"android.view.ViewGroup","depth":6,"isClickable":false,"left":654,"nodeId":11,"parentId":5,"right":787,"top":2400,"viewIdResourceName":"com.smzdm.client.android:id/cl_slide"},{"bottom":2904,"childCount":0,"className":"android.widget.TextView","depth":6,"isClickable":false,"left":594,"nodeId":12,"parentId":5,"right":846,"text":"向上滑动","top":2820,"viewIdResourceName":"com.smzdm.client.android:id/tv_slide_guide"},{"bottom":3004,"childCount":0,"className":"android.widget.TextView","depth":6,"isClickable":false,"left":426,"nodeId":13,"parentId":5,"right":1014,"text":"跳转至详情页或第三方应用","top":2939,"viewIdResourceName":"com.smzdm.client.android:id/tv_slide_content"},{"bottom":3147,"childCount":0,"className":"android.widget.ImageView","depth":6,"isClickable":false,"left":53,"nodeId":14,"parentId":5,"right":403,"top":3077,"viewIdResourceName":"com.smzdm.client.android:id/iv_logo_small"},{"bottom":3200,"childCount":1,"className":"android.widget.RelativeLayout","depth":7,"isClickable":false,"left":0,"nodeId":15,"parentId":8,"right":1440,"top":0,"viewIdResourceName":"com.smzdm.client.android:id/superplayer_controller_small"},{"bottom":3200,"childCount":1,"className":"android.widget.FrameLayout","depth":7,"isClickable":false,"left":0,"nodeId":16,"parentId":8,"right":1440,"top":0,"viewIdResourceName":"com.smzdm.client.android:id/superplayer_cloud_video_view"},{"bottom":242,"childCount":0,"className":"android.widget.TextView","depth":7,"isClickable":false,"left":53,"nodeId":17,"parentId":9,"right":158,"text":"广告","top":193,"viewIdResourceName":"com.smzdm.client.android:id/tv_ads_tag"},{"bottom":261,"childCount":0,"className":"android.widget.TextView","depth":7,"isClickable":true,"left":1177,"nodeId":18,"parentId":9,"right":1387,"text":"跳过 3","top":173,"viewIdResourceName":"com.smzdm.client.android:id/tv_skip"},{"bottom":2767,"childCount":0,"className":"android.widget.ImageView","depth":7,"isClickable":false,"left":654,"nodeId":19,"parentId":11,"right":787,"top":2627,"viewIdResourceName":"com.smzdm.client.android:id/iv_slide_hand"},{"bottom":2785,"childCount":0,"className":"android.widget.ImageView","depth":7,"isClickable":false,"left":674,"nodeId":20,"parentId":11,"right":772,"top":2522,"viewIdResourceName":"com.smzdm.client.android:id/iv_slide_shadow"},{"bottom":3200,"childCount":0,"className":"android.widget.RelativeLayout","depth":8,"isClickable":false,"left":0,"nodeId":21,"parentId":15,"right":1440,"top":0},{"bottom":3200,"childCount":0,"className":"com.tencent.liteav.txcvodplayer.renderer.TextureRenderView","depth":8,"isClickable":false,"left":0,"nodeId":22,"parentId":16,"right":1440,"top":0}],"packageName":"com.smzdm.client.android","screenHeight":3200,"screenWidth":1440}