{"activityName":"tv.danmaku.bili.MainActivityV2","appName":"哔哩哔哩","createTime":1725756653726,"fileId":"368caf09-c152-4f6b-b8dd-3ee4718df65d","nodes":[{"bottom":3200,"childCount":2,"className":"android.widget.FrameLayout","depth":0,"isClickable":false,"left":0,"nodeId":0,"parentId":-1,"right":1440,"top":0},{"bottom":3144,"childCount":1,"className":"android.widget.LinearLayout","depth":1,"isClickable":false,"left":0,"nodeId":1,"parentId":0,"right":1440,"top":0},{"bottom":3200,"childCount":0,"className":"android.view.View","depth":1,"isClickable":false,"left":0,"nodeId":2,"parentId":0,"right":1440,"top":3144,"viewIdResourceName":"android:id/navigationBarBackground"},{"bottom":3144,"childCount":1,"className":"android.widget.FrameLayout","depth":2,"isClickable":false,"left":0,"nodeId":3,"parentId":1,"right":1440,"top":0},{"bottom":3144,"childCount":1,"className":"android.widget.FrameLayout","depth":3,"isClickable":false,"left":0,"nodeId":4,"parentId":3,"right":1440,"top":0,"viewIdResourceName":"tv.danmaku.bili:id/action_bar_root"},{"bottom":3144,"childCount":1,"className":"android.widget.FrameLayout","depth":4,"isClickable":false,"left":0,"nodeId":5,"parentId":4,"right":1440,"top":0,"viewIdResourceName":"android:id/content"},{"bottom":3144,"childCount":3,"className":"android.widget.FrameLayout","depth":5,"isClickable":false,"left":0,"nodeId":6,"parentId":5,"right":1440,"top":0,"viewIdResourceName":"tv.danmaku.bili:id/drawer"},{"bottom":0,"childCount":0,"className":"android.view.View","depth":6,"isClickable":false,"left":0,"nodeId":7,"parentId":6,"right":1440,"top":0},{"bottom":3144,"childCount":1,"className":"android.widget.FrameLayout","depth":6,"isClickable":true,"left":0,"nodeId":8,"parentId":6,"right":1440,"top":0,"viewIdResourceName":"tv.danmaku.bili:id/splash_layout"},{"bottom":3144,"childCount":1,"className":"android.widget.FrameLayout","depth":6,"isClickable":false,"left":0,"nodeId":9,"parentId":6,"right":1440,"top":0,"viewIdResourceName":"tv.danmaku.bili:id/content_layout"},{"bottom":3144,"childCount":5,"className":"android.view.ViewGroup","depth":7,"isClickable":true,"left":0,"nodeId":10,"parentId":8,"right":1440,"top":0,"viewIdResourceName":"tv.danmaku.bili:id/root_container"},{"bottom":3144,"childCount":4,"className":"android.widget.ScrollView","depth":7,"isClickable":false,"left":0,"nodeId":11,"parentId":9,"right":1440,"top":0,"viewIdResourceName":"tv.danmaku.bili:id/coordinatorLayout"},{"bottom":3144,"childCount":0,"className":"android.widget.ImageView","depth":8,"isClickable":false,"left":0,"nodeId":12,"parentId":10,"right":1440,"top":0,"viewIdResourceName":"tv.danmaku.bili:id/splash_view"},{"bottom":3144,"childCount":3,"className":"android.widget.FrameLayout","depth":8,"isClickable":false,"left":0,"nodeId":13,"parentId":10,"right":1440,"top":0,"viewIdResourceName":"tv.danmaku.bili:id/splash_button_container"},{"bottom":235,"childCount":0,"className":"android.widget.LinearLayout","depth":8,"isClickable":false,"left":56,"nodeId":14,"parentId":10,"right":56,"top":175,"viewIdResourceName":"tv.danmaku.bili:id/label_layout2"},{"bottom":222,"childCount":1,"className":"android.widget.LinearLayout","depth":8,"isClickable":false,"left":1230,"nodeId":15,"parentId":10,"right":1384,"top":162,"viewIdResourceName":"tv.danmaku.bili:id/label_layout"},{"bottom":3144,"childCount":3,"className":"android.view.ViewGroup","depth":8,"isClickable":false,"left":0,"nodeId":16,"parentId":10,"right":1440,"top":2766,"viewIdResourceName":"tv.danmaku.bili:id/logo_layout"},{"bottom":316,"childCount":0,"className":"android.widget.FrameLayout","depth":8,"isClickable":false,"left":0,"nodeId":17,"parentId":11,"right":1440,"top":0,"viewIdResourceName":"tv.danmaku.bili:id/main_top_layout"},{"bottom":316,"childCount":1,"className":"android.widget.LinearLayout","depth":8,"isClickable":false,"left":0,"nodeId":18,"parentId":11,"right":1440,"top":120,"viewIdResourceName":"tv.danmaku.bili:id/app_bar"},{"bottom":3144,"childCount":1,"className":"android.widget.FrameLayout","depth":8,"isClickable":false,"left":0,"nodeId":19,"parentId":11,"right":1440,"top":316,"viewIdResourceName":"tv.danmaku.bili:id/content"},{"bottom":3144,"childCount":1,"className":"android.widget.FrameLayout","depth":8,"isClickable":false,"left":0,"nodeId":20,"parentId":11,"right":1440,"top":2923,"viewIdResourceName":"tv.danmaku.bili:id/bottom_navigation"},{"bottom":2657,"childCount":0,"className":"android.widget.TextView","depth":9,"isClickable":false,"left":216,"nodeId":21,"parentId":13,"right":1224,"text":"扭一扭","top":2437},{"bottom":2751,"childCount":0,"className":"android.widget.TextView","depth":9,"isClickable":false,"left":216,"nodeId":22,"parentId":13,"right":1224,"text":"扭一扭进入京东","top":2531},{"bottom":2483,"childCount":1,"className":"android.widget.FrameLayout","depth":9,"isClickable":false,"left":216,"nodeId":23,"parentId":13,"right":1224,"top":2295},{"bottom":222,"childCount":0,"className":"android.widget.TextView","depth":9,"isClickable":false,"left":1272,"nodeId":24,"parentId":15,"right":1384,"text":"广告","top":162,"viewIdResourceName":"tv.danmaku.bili:id/label_ad"},{"bottom":3061,"childCount":0,"className":"android.widget.ImageView","depth":9,"isClickable":false,"left":0,"nodeId":25,"parentId":16,"right":422,"top":2850,"viewIdResourceName":"tv.danmaku.bili:id/logo"},{"bottom":3039,"childCount":0,"className":"android.widget.TextView","depth":9,"isClickable":true,"left":1048,"nodeId":26,"parentId":16,"right":1384,"text":"跳过 2","top":2871,"viewIdResourceName":"tv.danmaku.bili:id/count_down"},{"bottom":2985,"childCount":0,"className":"android.widget.LinearLayout","depth":9,"isClickable":false,"left":1384,"nodeId":27,"parentId":16,"right":1384,"top":2925,"viewIdResourceName":"tv.danmaku.bili:id/label_layout3"},{"bottom":316,"childCount":2,"className":"android.view.ViewGroup","depth":9,"isClickable":false,"left":0,"nodeId":28,"parentId":18,"right":1440,"top":120,"viewIdResourceName":"tv.danmaku.bili:id/nav_top_bar"},{"bottom":3144,"childCount":2,"className":"android.view.ViewGroup","depth":9,"isClickable":false,"left":0,"nodeId":29,"parentId":19,"right":1440,"top":316,"viewIdResourceName":"tv.danmaku.bili:id/primary_multi_page_layout"},{"bottom":3144,"childCount":2,"className":"android.widget.LinearLayout","depth":9,"isClickable":false,"left":0,"nodeId":30,"parentId":20,"right":1440,"top":2974},{"bottom":2483,"childCount":0,"className":"android.widget.ImageView","depth":10,"isClickable":false,"left":599,"nodeId":31,"parentId":23,"right":840,"top":2295},{"bottom":316,"childCount":2,"className":"android.widget.LinearLayout","depth":10,"isClickable":false,"left":0,"nodeId":32,"parentId":28,"right":1118,"top":120,"viewIdResourceName":"tv.danmaku.bili:id/navigation"},{"bottom":316,"childCount":2,"className":"androidx.appcompat.widget.LinearLayoutCompat","depth":10,"isClickable":false,"left":1118,"nodeId":33,"parentId":28,"right":1440,"top":120},{"bottom":442,"childCount":3,"className":"android.widget.FrameLayout","depth":10,"isClickable":false,"left":0,"nodeId":34,"parentId":29,"right":1440,"top":316,"viewIdResourceName":"tv.danmaku.bili:id/tabs_layout"},{"bottom":3144,"childCount":3,"className":"androidx.viewpager.widget.ViewPager","depth":10,"isClickable":false,"left":0,"nodeId":35,"parentId":29,"right":1440,"top":442,"viewIdResourceName":"tv.danmaku.bili:id/pager"},{"bottom":2976,"childCount":0,"className":"android.view.View","depth":10,"isClickable":false,"left":0,"nodeId":36,"parentId":30,"right":1440,"top":2974,"viewIdResourceName":"tv.danmaku.bili:id/bottom_tab_divider"},{"bottom":3144,"childCount":5,"className":"android.widget.LinearLayout","depth":10,"isClickable":false,"left":0,"nodeId":37,"parentId":30,"right":1440,"top":2976,"viewIdResourceName":"tv.danmaku.bili:id/container"},{"bottom":288,"childCount":1,"className":"android.view.ViewGroup","depth":11,"isClickable":true,"left":35,"nodeId":38,"parentId":32,"right":200,"top":148,"viewIdResourceName":"tv.danmaku.bili:id/avatar_layout"},{"bottom":277,"childCount":2,"className":"android.widget.LinearLayout","depth":11,"isClickable":true,"left":249,"nodeId":39,"parentId":32,"right":1076,"top":158,"viewIdResourceName":"tv.danmaku.bili:id/expand_search"},{"bottom":298,"childCount":2,"className":"android.widget.FrameLayout","depth":11,"isClickable":true,"left":1118,"nodeId":40,"parentId":33,"right":1279,"top":137},{"bottom":298,"childCount":3,"className":"android.widget.FrameLayout","depth":11,"isClickable":true,"left":1279,"nodeId":41,"parentId":33,"right":1440,"top":137},{"bottom":442,"childCount":1,"className":"android.widget.FrameLayout","depth":11,"isClickable":false,"left":0,"nodeId":42,"parentId":34,"right":1304,"top":316,"viewIdResourceName":"tv.danmaku.bili:id/tabs_shader_container"},{"bottom":442,"childCount":0,"className":"android.view.View","depth":11,"isClickable":false,"left":0,"nodeId":43,"parentId":34,"right":1440,"top":440,"viewIdResourceName":"tv.danmaku.bili:id/divider"},{"bottom":442,"childCount":2,"className":"android.widget.LinearLayout","depth":11,"isClickable":false,"left":1251,"nodeId":44,"parentId":34,"right":1440,"top":316},{"bottom":3144,"childCount":1,"className":"android.widget.FrameLayout","depth":11,"isClickable":false,"left":0,"nodeId":45,"parentId":35,"right":0,"top":442,"viewIdResourceName":"tv.danmaku.bili:id/refreshLayout"},{"bottom":3144,"childCount":3,"className":"android.view.ViewGroup","depth":11,"isClickable":false,"left":0,"nodeId":46,"parentId":35,"right":1440,"top":442,"viewIdResourceName":"tv.danmaku.bili:id/container"},{"bottom":3144,"childCount":1,"className":"android.widget.FrameLayout","depth":11,"isClickable":false,"left":1440,"nodeId":47,"parentId":35,"right":1440,"top":442,"viewIdResourceName":"tv.danmaku.bili:id/swipe_layout"},{"bottom":3144,"childCount":1,"className":"android.widget.FrameLayout","depth":11,"isClickable":true,"left":0,"nodeId":48,"parentId":37,"right":288,"top":2976},{"bottom":3144,"childCount":2,"className":"android.widget.FrameLayout","depth":11,"isClickable":true,"left":288,"nodeId":49,"parentId":37,"right":576,"top":2976},{"bottom":3144,"childCount":2,"className":"android.widget.FrameLayout","depth":11,"isClickable":true,"left":576,"nodeId":50,"parentId":37,"right":864,"top":2976},{"bottom":3144,"childCount":1,"className":"android.widget.FrameLayout","depth":11,"isClickable":true,"left":864,"nodeId":51,"parentId":37,"right":1152,"top":2976},{"bottom":3144,"childCount":1,"className":"android.widget.FrameLayout","depth":11,"isClickable":true,"left":1152,"nodeId":52,"parentId":37,"right":1440,"top":2976},{"bottom":288,"childCount":1,"className":"android.widget.FrameLayout","depth":12,"isClickable":false,"left":60,"nodeId":53,"parentId":38,"right":200,"top":148,"viewIdResourceName":"tv.danmaku.bili:id/avatar"},{"bottom":245,"childCount":0,"className":"android.widget.ImageView","depth":12,"isClickable":false,"left":284,"nodeId":54,"parentId":39,"right":341,"top":189,"viewIdResourceName":"tv.danmaku.bili:id/search_icon"},{"bottom":252,"childCount":0,"className":"android.widget.TextView","depth":12,"isClickable":false,"left":362,"nodeId":55,"parentId":39,"right":1041,"text":"催眠入睡","top":182,"viewIdResourceName":"tv.danmaku.bili:id/search_text"},{"bottom":270,"childCount":0,"className":"android.widget.ImageView","depth":12,"isClickable":false,"left":1146,"nodeId":56,"parentId":40,"right":1251,"top":165,"viewIdResourceName":"tv.danmaku.bili:id/animator_icon"},{"bottom":256,"childCount":0,"className":"android.widget.ImageView","depth":12,"isClickable":false,"left":1160,"nodeId":57,"parentId":40,"right":1237,"top":179,"viewIdResourceName":"tv.danmaku.bili:id/icon"},{"bottom":270,"childCount":0,"className":"android.widget.ImageView","depth":12,"isClickable":false,"left":1307,"nodeId":58,"parentId":41,"right":1412,"top":165,"viewIdResourceName":"tv.danmaku.bili:id/animator_icon"},{"bottom":256,"childCount":0,"className":"android.widget.ImageView","depth":12,"isClickable":false,"left":1321,"nodeId":59,"parentId":41,"right":1398,"top":179,"viewIdResourceName":"tv.danmaku.bili:id/icon"},{"bottom":205,"childCount":0,"className":"android.widget.TextView","depth":12,"isClickable":false,"left":1364,"nodeId":60,"parentId":41,"right":1419,"text":"13","top":158,"viewIdResourceName":"tv.danmaku.bili:id/bili_badge_view"},{"bottom":442,"childCount":1,"className":"android.widget.HorizontalScrollView","depth":12,"isClickable":false,"left":0,"nodeId":61,"parentId":42,"right":1304,"top":316,"viewIdResourceName":"tv.danmaku.bili:id/tabs"},{"bottom":442,"childCount":1,"className":"android.widget.FrameLayout","depth":12,"isClickable":true,"left":1251,"nodeId":62,"parentId":44,"right":1440,"top":316,"viewIdResourceName":"tv.danmaku.bili:id/category_click_area"},{"bottom":442,"childCount":1,"className":"android.widget.FrameLayout","depth":12,"isClickable":true,"left":1440,"nodeId":63,"parentId":44,"right":1440,"top":316,"viewIdResourceName":"tv.danmaku.bili:id/search_click_area"},{"bottom":3144,"childCount":4,"className":"android.widget.FrameLayout","depth":12,"isClickable":false,"left":0,"nodeId":64,"parentId":45,"right":0,"top":442},{"bottom":442,"childCount":0,"className":"android.widget.LinearLayout","depth":12,"isClickable":false,"left":0,"nodeId":65,"parentId":46,"right":1440,"top":442,"viewIdResourceName":"tv.danmaku.bili:id/header"},{"bottom":442,"childCount":0,"className":"android.widget.FrameLayout","depth":12,"isClickable":false,"left":0,"nodeId":66,"parentId":46,"right":1440,"top":442,"viewIdResourceName":"tv.danmaku.bili:id/alert_bar"},{"bottom":3144,"childCount":1,"className":"android.widget.FrameLayout","depth":12,"isClickable":false,"left":0,"nodeId":67,"parentId":46,"right":1440,"top":442,"viewIdResourceName":"tv.danmaku.bili:id/swipe_layout"},{"bottom":3144,"childCount":1,"className":"android.widget.FrameLayout","depth":12,"isClickable":false,"left":1440,"nodeId":68,"parentId":47,"right":1440,"top":442},{"bottom":3124,"childCount":2,"className":"android.view.ViewGroup","depth":12,"isClickable":false,"left":109,"nodeId":69,"parentId":48,"right":179,"top":2996,"viewIdResourceName":"tv.danmaku.bili:id/normal_ll"},{"bottom":3028,"childCount":0,"className":"android.widget.TextView","depth":12,"isClickable":false,"left":446,"nodeId":70,"parentId":49,"right":508,"text":"99","top":2981,"viewIdResourceName":"tv.danmaku.bili:id/bili_badge_view"},{"bottom":3124,"childCount":2,"className":"android.view.ViewGroup","depth":12,"isClickable":false,"left":397,"nodeId":71,"parentId":49,"right":467,"top":2996,"viewIdResourceName":"tv.danmaku.bili:id/normal_ll"},{"bottom":3126,"childCount":1,"className":"android.widget.FrameLayout","depth":12,"isClickable":false,"left":653,"nodeId":72,"parentId":50,"right":786,"top":2993,"viewIdResourceName":"tv.danmaku.bili:id/home_publish_icon"},{"bottom":3060,"childCount":1,"className":"android.view.ViewGroup","depth":12,"isClickable":false,"left":720,"nodeId":73,"parentId":50,"right":720,"top":3060,"viewIdResourceName":"tv.danmaku.bili:id/normal_ll"},{"bottom":3124,"childCount":2,"className":"android.view.ViewGroup","depth":12,"isClickable":false,"left":955,"nodeId":74,"parentId":51,"right":1060,"top":2996,"viewIdResourceName":"tv.danmaku.bili:id/normal_ll"},{"bottom":3124,"childCount":2,"className":"android.view.ViewGroup","depth":12,"isClickable":false,"left":1261,"nodeId":75,"parentId":52,"right":1331,"top":2996,"viewIdResourceName":"tv.danmaku.bili:id/normal_ll"},{"bottom":284,"childCount":0,"className":"android.widget.ImageView","depth":13,"isClickable":false,"left":64,"nodeId":76,"parentId":53,"right":196,"top":152},{"bottom":442,"childCount":6,"className":"android.widget.LinearLayout","depth":13,"isClickable":false,"left":0,"nodeId":77,"parentId":61,"right":1304,"top":316},{"bottom":417,"childCount":0,"className":"android.widget.ImageView","depth":13,"isClickable":false,"left":1321,"nodeId":78,"parentId":62,"right":1398,"top":340,"viewIdResourceName":"tv.danmaku.bili:id/category_image"},{"bottom":417,"childCount":0,"className":"android.widget.ImageView","depth":13,"isClickable":false,"left":1461,"nodeId":79,"parentId":63,"right":1440,"top":340,"viewIdResourceName":"tv.danmaku.bili:id/search_image"},{"bottom":442,"childCount":0,"className":"android.widget.LinearLayout","depth":13,"isClickable":false,"left":0,"nodeId":80,"parentId":64,"right":-18,"top":442,"viewIdResourceName":"tv.danmaku.bili:id/sticky_container"},{"bottom":442,"childCount":0,"className":"android.widget.LinearLayout","depth":13,"isClickable":false,"left":0,"nodeId":81,"parentId":64,"right":-18,"top":442,"viewIdResourceName":"tv.danmaku.bili:id/sub_sticky_container"},{"bottom":3144,"childCount":0,"className":"android.widget.GridView","depth":13,"isClickable":false,"left":0,"nodeId":82,"parentId":64,"right":0,"top":442,"viewIdResourceName":"tv.danmaku.bili:id/recyclerView"},{"bottom":3144,"childCount":0,"className":"android.widget.FrameLayout","depth":13,"isClickable":false,"left":0,"nodeId":83,"parentId":64,"right":-39,"top":2962,"viewIdResourceName":"tv.danmaku.bili:id/liveEntrance"},{"bottom":3144,"childCount":1,"className":"android.widget.FrameLayout","depth":13,"isClickable":false,"left":0,"nodeId":84,"parentId":67,"right":1440,"top":442,"viewIdResourceName":"tv.danmaku.bili:id/recycler_container"},{"bottom":3144,"childCount":0,"className":"android.widget.GridView","depth":13,"isClickable":false,"left":1440,"nodeId":85,"parentId":68,"right":1440,"top":442,"viewIdResourceName":"tv.danmaku.bili:id/recycler_view"},{"bottom":3066,"childCount":1,"className":"android.widget.FrameLayout","depth":13,"isClickable":false,"left":109,"nodeId":86,"parentId":69,"right":179,"top":2996,"viewIdResourceName":"tv.danmaku.bili:id/icon_layout"},{"bottom":3124,"childCount":0,"className":"android.widget.TextView","depth":13,"isClickable":false,"left":109,"nodeId":87,"parentId":69,"right":179,"text":"首页","top":3077,"viewIdResourceName":"tv.danmaku.bili:id/tab_text"},{"bottom":3066,"childCount":1,"className":"android.widget.FrameLayout","depth":13,"isClickable":false,"left":397,"nodeId":88,"parentId":71,"right":467,"top":2996,"viewIdResourceName":"tv.danmaku.bili:id/icon_layout"},{"bottom":3124,"childCount":0,"className":"android.widget.TextView","depth":13,"isClickable":false,"left":397,"nodeId":89,"parentId":71,"right":467,"text":"动态","top":3077,"viewIdResourceName":"tv.danmaku.bili:id/tab_text"},{"bottom":3126,"childCount":1,"className":"android.widget.FrameLayout","depth":13,"isClickable":false,"left":653,"nodeId":90,"parentId":72,"right":786,"top":2993,"viewIdResourceName":"tv.danmaku.bili:id/publish_root"},{"bottom":3060,"childCount":0,"className":"android.widget.FrameLayout","depth":13,"isClickable":false,"left":720,"nodeId":91,"parentId":73,"right":720,"top":3060,"viewIdResourceName":"tv.danmaku.bili:id/icon_layout"},{"bottom":3066,"childCount":1,"className":"android.widget.FrameLayout","depth":13,"isClickable":false,"left":973,"nodeId":92,"parentId":74,"right":1043,"top":2996,"viewIdResourceName":"tv.danmaku.bili:id/icon_layout"},{"bottom":3124,"childCount":0,"className":"android.widget.TextView","depth":13,"isClickable":false,"left":955,"nodeId":93,"parentId":74,"right":1060,"text":"会员购","top":3077,"viewIdResourceName":"tv.danmaku.bili:id/tab_text"},{"bottom":3066,"childCount":1,"className":"android.widget.FrameLayout","depth":13,"isClickable":false,"left":1261,"nodeId":94,"parentId":75,"right":1331,"top":2996,"viewIdResourceName":"tv.danmaku.bili:id/icon_layout"},{"bottom":3124,"childCount":0,"className":"android.widget.TextView","depth":13,"isClickable":false,"left":1261,"nodeId":95,"parentId":75,"right":1331,"text":"我的","top":3077,"viewIdResourceName":"tv.danmaku.bili:id/tab_text"},{"bottom":442,"childCount":1,"className":"android.view.ViewGroup","depth":14,"isClickable":true,"left":52,"nodeId":96,"parentId":77,"right":247,"top":316},{"bottom":442,"childCount":1,"className":"android.view.ViewGroup","depth":14,"isClickable":true,"left":247,"nodeId":97,"parentId":77,"right":439,"top":316},{"bottom":442,"childCount":1,"className":"android.view.ViewGroup","depth":14,"isClickable":true,"left":439,"nodeId":98,"parentId":77,"right":625,"top":316},{"bottom":442,"childCount":1,"className":"android.view.ViewGroup","depth":14,"isClickable":true,"left":625,"nodeId":99,"parentId":77,"right":811,"top":316},{"bottom":442,"childCount":1,"className":"android.view.ViewGroup","depth":14,"isClickable":true,"left":811,"nodeId":100,"parentId":77,"right":997,"top":316},{"bottom":442,"childCount":1,"className":"android.view.ViewGroup","depth":14,"isClickable":true,"left":997,"nodeId":101,"parentId":77,"right":1252,"top":316},{"bottom":3144,"childCount":7,"className":"android.widget.GridView","depth":14,"isClickable":false,"left":0,"nodeId":102,"parentId":84,"right":1440,"top":442,"viewIdResourceName":"tv.danmaku.bili:id/recycler_view"},{"bottom":3066,"childCount":0,"className":"android.widget.ImageView","depth":14,"isClickable":false,"left":109,"nodeId":103,"parentId":86,"right":179,"top":2996,"viewIdResourceName":"tv.danmaku.bili:id/tab_icon"},{"bottom":3066,"childCount":0,"className":"android.widget.ImageView","depth":14,"isClickable":false,"left":397,"nodeId":104,"parentId":88,"right":467,"top":2996,"viewIdResourceName":"tv.danmaku.bili:id/tab_icon"},{"bottom":3126,"childCount":0,"className":"android.widget.ImageView","depth":14,"isClickable":false,"left":653,"nodeId":105,"parentId":90,"right":786,"top":2993,"viewIdResourceName":"tv.danmaku.bili:id/publish_remote_iv"},{"bottom":3066,"childCount":0,"className":"android.widget.ImageView","depth":14,"isClickable":false,"left":973,"nodeId":106,"parentId":92,"right":1043,"top":2996,"viewIdResourceName":"tv.danmaku.bili:id/tab_icon"},{"bottom":3066,"childCount":0,"className":"android.widget.ImageView","depth":14,"isClickable":false,"left":1261,"nodeId":107,"parentId":94,"right":1331,"top":2996,"viewIdResourceName":"tv.danmaku.bili:id/tab_icon"},{"bottom":414,"childCount":0,"className":"android.widget.TextView","depth":15,"isClickable":false,"left":101,"nodeId":108,"parentId":96,"right":207,"text":"直播","top":344,"viewIdResourceName":"tv.danmaku.bili:id/tab_title"},{"bottom":416,"childCount":0,"className":"android.widget.TextView","depth":15,"isClickable":false,"left":287,"nodeId":109,"parentId":97,"right":399,"text":"推荐","top":342,"viewIdResourceName":"tv.danmaku.bili:id/tab_title"},{"bottom":414,"childCount":0,"className":"android.widget.TextView","depth":15,"isClickable":false,"left":479,"nodeId":110,"parentId":98,"right":585,"text":"热门","top":344,"viewIdResourceName":"tv.danmaku.bili:id/tab_title"},{"bottom":414,"childCount":0,"className":"android.widget.TextView","depth":15,"isClickable":false,"left":665,"nodeId":111,"parentId":99,"right":771,"text":"动画","top":344,"viewIdResourceName":"tv.danmaku.bili:id/tab_title"},{"bottom":414,"childCount":0,"className":"android.widget.TextView","depth":15,"isClickable":false,"left":851,"nodeId":112,"parentId":100,"right":957,"text":"影视","top":344,"viewIdResourceName":"tv.danmaku.bili:id/tab_title"},{"bottom":414,"childCount":0,"className":"android.widget.TextView","depth":15,"isClickable":false,"left":1037,"nodeId":113,"parentId":101,"right":1196,"text":"新征程","top":344,"viewIdResourceName":"tv.danmaku.bili:id/tab_title"},{"bottom":1246,"childCount":2,"className":"android.view.ViewGroup","depth":15,"isClickable":false,"left":18,"nodeId":114,"parentId":102,"right":1422,"top":456},{"bottom":2073,"childCount":6,"className":"android.view.ViewGroup","depth":15,"isClickable":true,"left":18,"nodeId":115,"parentId":102,"right":711,"top":1264},{"bottom":2073,"childCount":6,"className":"android.view.ViewGroup","depth":15,"isClickable":true,"left":729,"nodeId":116,"parentId":102,"right":1422,"top":1264},{"bottom":2900,"childCount":5,"className":"android.widget.RelativeLayout","depth":15,"isClickable":true,"left":18,"nodeId":117,"parentId":102,"right":711,"top":2091,"viewIdResourceName":"tv.danmaku.bili:id/ad_tint_frame"},{"bottom":2900,"childCount":6,"className":"android.view.ViewGroup","depth":15,"isClickable":true,"left":729,"nodeId":118,"parentId":102,"right":1422,"top":2091},{"bottom":3144,"childCount":6,"className":"android.view.ViewGroup","depth":15,"isClickable":true,"left":18,"nodeId":119,"parentId":102,"right":711,"top":2918},{"bottom":3144,"childCount":6,"className":"android.view.ViewGroup","depth":15,"isClickable":true,"left":729,"nodeId":120,"parentId":102,"right":1422,"top":2918},{"bottom":1246,"childCount":1,"className":"android.widget.FrameLayout","depth":16,"isClickable":false,"left":18,"nodeId":121,"parentId":114,"right":1422,"top":456,"viewIdResourceName":"tv.danmaku.bili:id/banner"},{"bottom":1218,"childCount":3,"className":"android.widget.LinearLayout","depth":16,"isClickable":false,"left":1312,"nodeId":122,"parentId":114,"right":1394,"top":1200,"viewIdResourceName":"tv.danmaku.bili:id/indicator"},{"bottom":1783,"childCount":1,"className":"android.widget.FrameLayout","depth":16,"isClickable":false,"left":18,"nodeId":123,"parentId":115,"right":711,"top":1264,"viewIdResourceName":"tv.danmaku.bili:id/cover_layout"},{"bottom":1769,"childCount":3,"className":"android.view.ViewGroup","depth":16,"isClickable":false,"left":46,"nodeId":124,"parentId":115,"right":683,"top":1713,"viewIdResourceName":"tv.danmaku.bili:id/cover_bottom_info_container"},{"bottom":2073,"childCount":0,"className":"android.view.View","depth":16,"isClickable":false,"left":18,"nodeId":125,"parentId":115,"right":711,"top":1783},{"bottom":1881,"childCount":1,"className":"android.widget.LinearLayout","depth":16,"isClickable":false,"left":46,"nodeId":126,"parentId":115,"right":683,"top":1815,"viewIdResourceName":"tv.danmaku.bili:id/title_layout"},{"bottom":2048,"childCount":1,"className":"android.widget.LinearLayout","depth":16,"isClickable":false,"left":46,"nodeId":127,"parentId":115,"right":606,"top":1972,"viewIdResourceName":"tv.danmaku.bili:id/bottom_layout"},{"bottom":2069,"childCount":1,"className":"android.widget.FrameLayout","depth":16,"isClickable":true,"left":606,"nodeId":128,"parentId":115,"right":711,"top":1964,"viewIdResourceName":"tv.danmaku.bili:id/more"},{"bottom":1783,"childCount":1,"className":"android.widget.FrameLayout","depth":16,"isClickable":false,"left":729,"nodeId":129,"parentId":116,"right":1422,"top":1264,"viewIdResourceName":"tv.danmaku.bili:id/cover_layout"},{"bottom":1769,"childCount":3,"className":"android.view.ViewGroup","depth":16,"isClickable":false,"left":757,"nodeId":130,"parentId":116,"right":1394,"top":1713,"viewIdResourceName":"tv.danmaku.bili:id/cover_bottom_info_container"},{"bottom":2073,"childCount":0,"className":"android.view.View","depth":16,"isClickable":false,"left":729,"nodeId":131,"parentId":116,"right":1422,"top":1783},{"bottom":1953,"childCount":1,"className":"android.widget.LinearLayout","depth":16,"isClickable":false,"left":757,"nodeId":132,"parentId":116,"right":1394,"top":1815,"viewIdResourceName":"tv.danmaku.bili:id/title_layout"},{"bottom":2048,"childCount":2,"className":"android.widget.LinearLayout","depth":16,"isClickable":false,"left":757,"nodeId":133,"parentId":116,"right":1317,"top":1978,"viewIdResourceName":"tv.danmaku.bili:id/bottom_layout"},{"bottom":2069,"childCount":1,"className":"android.widget.FrameLayout","depth":16,"isClickable":true,"left":1317,"nodeId":134,"parentId":116,"right":1422,"top":1964,"viewIdResourceName":"tv.danmaku.bili:id/more"},{"bottom":2610,"childCount":0,"className":"android.widget.ImageView","depth":16,"isClickable":false,"left":18,"nodeId":135,"parentId":117,"right":711,"top":2091,"viewIdResourceName":"tv.danmaku.bili:id/cover"},{"bottom":2596,"childCount":0,"className":"android.widget.TextView","depth":16,"isClickable":false,"left":18,"nodeId":136,"parentId":117,"right":230,"text":"143.7万","top":2540,"viewIdResourceName":"tv.danmaku.bili:id/cover_left_text_1"},{"bottom":2596,"childCount":0,"className":"android.widget.TextView","depth":16,"isClickable":false,"left":230,"nodeId":137,"parentId":117,"right":386,"text":"60","top":2540,"viewIdResourceName":"tv.danmaku.bili:id/cover_left_text_2"},{"bottom":2596,"childCount":2,"className":"android.widget.FrameLayout","depth":16,"isClickable":false,"left":627,"nodeId":138,"parentId":117,"right":683,"top":2540,"viewIdResourceName":"tv.danmaku.bili:id/ad_tag_v2"},{"bottom":2900,"childCount":3,"className":"android.view.ViewGroup","depth":16,"isClickable":false,"left":18,"nodeId":139,"parentId":117,"right":711,"top":2610},{"bottom":2610,"childCount":1,"className":"android.widget.FrameLayout","depth":16,"isClickable":false,"left":729,"nodeId":140,"parentId":118,"right":1422,"top":2091,"viewIdResourceName":"tv.danmaku.bili:id/cover_layout"},{"bottom":2596,"childCount":3,"className":"android.view.ViewGroup","depth":16,"isClickable":false,"left":757,"nodeId":141,"parentId":118,"right":1394,"top":2540,"viewIdResourceName":"tv.danmaku.bili:id/cover_bottom_info_container"},{"bottom":2900,"childCount":0,"className":"android.view.View","depth":16,"isClickable":false,"left":729,"nodeId":142,"parentId":118,"right":1422,"top":2610},{"bottom":2780,"childCount":1,"className":"android.widget.LinearLayout","depth":16,"isClickable":false,"left":757,"nodeId":143,"parentId":118,"right":1394,"top":2642,"viewIdResourceName":"tv.danmaku.bili:id/title_layout"},{"bottom":2875,"childCount":2,"className":"android.widget.LinearLayout","depth":16,"isClickable":false,"left":757,"nodeId":144,"parentId":118,"right":1317,"top":2805,"viewIdResourceName":"tv.danmaku.bili:id/bottom_layout"},{"bottom":2896,"childCount":1,"className":"android.widget.FrameLayout","depth":16,"isClickable":true,"left":1317,"nodeId":145,"parentId":118,"right":1422,"top":2791,"viewIdResourceName":"tv.danmaku.bili:id/more"},{"bottom":3144,"childCount":1,"className":"android.widget.FrameLayout","depth":16,"isClickable":false,"left":18,"nodeId":146,"parentId":119,"right":711,"top":2918,"viewIdResourceName":"tv.danmaku.bili:id/cover_layout"},{"bottom":3144,"childCount":3,"className":"android.view.ViewGroup","depth":16,"isClickable":false,"left":46,"nodeId":147,"parentId":119,"right":683,"top":3367,"viewIdResourceName":"tv.danmaku.bili:id/cover_bottom_info_container"},{"bottom":3144,"childCount":0,"className":"android.view.View","depth":16,"isClickable":false,"left":18,"nodeId":148,"parentId":119,"right":711,"top":3437},{"bottom":3144,"childCount":1,"className":"android.widget.LinearLayout","depth":16,"isClickable":false,"left":46,"nodeId":149,"parentId":119,"right":683,"top":3469,"viewIdResourceName":"tv.danmaku.bili:id/title_layout"},{"bottom":3144,"childCount":1,"className":"android.widget.LinearLayout","depth":16,"isClickable":false,"left":46,"nodeId":150,"parentId":119,"right":606,"top":3632,"viewIdResourceName":"tv.danmaku.bili:id/bottom_layout"},{"bottom":3144,"childCount":1,"className":"android.widget.FrameLayout","depth":16,"isClickable":true,"left":606,"nodeId":151,"parentId":119,"right":711,"top":3628,"viewIdResourceName":"tv.danmaku.bili:id/more"},{"bottom":3144,"childCount":1,"className":"android.widget.FrameLayout","depth":16,"isClickable":false,"left":729,"nodeId":152,"parentId":120,"right":1422,"top":2918,"viewIdResourceName":"tv.danmaku.bili:id/cover_layout"},{"bottom":3144,"childCount":3,"className":"android.view.ViewGroup","depth":16,"isClickable":false,"left":757,"nodeId":153,"parentId":120,"right":1394,"top":3367,"viewIdResourceName":"tv.danmaku.bili:id/cover_bottom_info_container"},{"bottom":3144,"childCount":0,"className":"android.view.View","depth":16,"isClickable":false,"left":729,"nodeId":154,"parentId":120,"right":1422,"top":3437},{"bottom":3144,"childCount":1,"className":"android.widget.LinearLayout","depth":16,"isClickable":false,"left":757,"nodeId":155,"parentId":120,"right":1394,"top":3469,"viewIdResourceName":"tv.danmaku.bili:id/title_layout"},{"bottom":3144,"childCount":2,"className":"android.widget.LinearLayout","depth":16,"isClickable":false,"left":757,"nodeId":156,"parentId":120,"right":1317,"top":3642,"viewIdResourceName":"tv.danmaku.bili:id/bottom_layout"},{"bottom":3144,"childCount":1,"className":"android.widget.FrameLayout","depth":16,"isClickable":true,"left":1317,"nodeId":157,"parentId":120,"right":1422,"top":3628,"viewIdResourceName":"tv.danmaku.bili:id/more"},{"bottom":1246,"childCount":1,"className":"androidx.viewpager.widget.ViewPager","depth":17,"isClickable":false,"left":18,"nodeId":158,"parentId":121,"right":1422,"top":456},{"bottom":1218,"childCount":0,"className":"android.view.View","depth":17,"isClickable":false,"left":1312,"nodeId":159,"parentId":122,"right":1330,"top":1200},{"bottom":1218,"childCount":0,"className":"android.view.View","depth":17,"isClickable":false,"left":1344,"nodeId":160,"parentId":122,"right":1362,"top":1200},{"bottom":1218,"childCount":0,"className":"android.view.View","depth":17,"isClickable":false,"left":1376,"nodeId":161,"parentId":122,"right":1394,"top":1200},{"bottom":1783,"childCount":0,"className":"android.widget.ImageView","depth":17,"isClickable":false,"left":18,"nodeId":162,"parentId":123,"right":711,"top":1264,"viewIdResourceName":"tv.danmaku.bili:id/cover"},{"bottom":1769,"childCount":0,"className":"android.widget.TextView","depth":17,"isClickable":false,"left":46,"nodeId":163,"parentId":124,"right":229,"text":"79万","top":1713,"viewIdResourceName":"tv.danmaku.bili:id/cover_left_text1"},{"bottom":1769,"childCount":0,"className":"android.widget.TextView","depth":17,"isClickable":false,"left":229,"nodeId":164,"parentId":124,"right":399,"text":"252","top":1713,"viewIdResourceName":"tv.danmaku.bili:id/cover_left_text2"},{"bottom":1765,"childCount":0,"className":"android.widget.TextView","depth":17,"isClickable":false,"left":616,"nodeId":165,"parentId":124,"right":683,"text":"1:04","top":1718,"viewIdResourceName":"tv.danmaku.bili:id/cover_right_text"},{"bottom":1881,"childCount":1,"className":"android.widget.LinearLayout","depth":17,"isClickable":false,"left":46,"nodeId":166,"parentId":126,"right":683,"top":1815},{"bottom":2041,"childCount":2,"className":"android.widget.LinearLayout","depth":17,"isClickable":false,"left":46,"nodeId":167,"parentId":127,"right":606,"top":1979},{"bottom":2041,"childCount":0,"className":"android.widget.ImageView","depth":17,"isClickable":false,"left":641,"nodeId":168,"parentId":128,"right":697,"top":1985},{"bottom":1783,"childCount":0,"className":"android.widget.ImageView","depth":17,"isClickable":false,"left":729,"nodeId":169,"parentId":129,"right":1422,"top":1264,"viewIdResourceName":"tv.danmaku.bili:id/cover"},{"bottom":1769,"childCount":0,"className":"android.widget.TextView","depth":17,"isClickable":false,"left":757,"nodeId":170,"parentId":130,"right":955,"text":"8.8万","top":1713,"viewIdResourceName":"tv.danmaku.bili:id/cover_left_text1"},{"bottom":1769,"childCount":0,"className":"android.widget.TextView","depth":17,"isClickable":false,"left":955,"nodeId":171,"parentId":130,"right":1106,"text":"55","top":1713,"viewIdResourceName":"tv.danmaku.bili:id/cover_left_text2"},{"bottom":1765,"childCount":0,"className":"android.widget.TextView","depth":17,"isClickable":false,"left":1327,"nodeId":172,"parentId":130,"right":1394,"text":"1:03","top":1718,"viewIdResourceName":"tv.danmaku.bili:id/cover_right_text"},{"bottom":1953,"childCount":1,"className":"android.widget.LinearLayout","depth":17,"isClickable":false,"left":757,"nodeId":173,"parentId":132,"right":1394,"top":1815},{"bottom":2041,"childCount":0,"className":"android.widget.ImageView","depth":17,"isClickable":false,"left":757,"nodeId":174,"parentId":133,"right":813,"top":1985,"viewIdResourceName":"tv.danmaku.bili:id/story_tag"},{"bottom":2041,"childCount":1,"className":"android.widget.LinearLayout","depth":17,"isClickable":false,"left":827,"nodeId":175,"parentId":133,"right":1317,"top":1985},{"bottom":2041,"childCount":0,"className":"android.widget.ImageView","depth":17,"isClickable":false,"left":1352,"nodeId":176,"parentId":134,"right":1408,"top":1985},{"bottom":2540,"childCount":0,"className":"android.widget.LinearLayout","depth":17,"isClickable":false,"left":627,"nodeId":177,"parentId":138,"right":627,"top":2540,"viewIdResourceName":"tv.danmaku.bili:id/tag_text"},{"bottom":2596,"childCount":0,"className":"android.widget.ImageView","depth":17,"isClickable":false,"left":627,"nodeId":178,"parentId":138,"right":683,"top":2540,"viewIdResourceName":"tv.danmaku.bili:id/tag_img"},{"bottom":2780,"childCount":0,"className":"android.widget.TextView","depth":17,"isClickable":false,"left":46,"nodeId":179,"parentId":139,"right":683,"text":"拿去用吧，三个月后带着头发回来感谢我","top":2642,"viewIdResourceName":"tv.danmaku.bili:id/title"},{"bottom":2868,"childCount":1,"className":"android.widget.LinearLayout","depth":17,"isClickable":false,"left":46,"nodeId":180,"parentId":139,"right":606,"top":2812,"viewIdResourceName":"tv.danmaku.bili:id/desc_content"},{"bottom":2896,"childCount":1,"className":"android.widget.FrameLayout","depth":17,"isClickable":true,"left":606,"nodeId":181,"parentId":139,"right":711,"top":2791,"viewIdResourceName":"tv.danmaku.bili:id/more"},{"bottom":2610,"childCount":0,"className":"android.widget.ImageView","depth":17,"isClickable":false,"left":729,"nodeId":182,"parentId":140,"right":1422,"top":2091,"viewIdResourceName":"tv.danmaku.bili:id/cover"},{"bottom":2596,"childCount":0,"className":"android.widget.TextView","depth":17,"isClickable":false,"left":757,"nodeId":183,"parentId":141,"right":949,"text":"3.7万","top":2540,"viewIdResourceName":"tv.danmaku.bili:id/cover_left_text1"},{"bottom":2596,"childCount":0,"className":"android.widget.TextView","depth":17,"isClickable":false,"left":949,"nodeId":184,"parentId":141,"right":1093,"text":"16","top":2540,"viewIdResourceName":"tv.danmaku.bili:id/cover_left_text2"},{"bottom":2592,"childCount":0,"className":"android.widget.TextView","depth":17,"isClickable":false,"left":1327,"nodeId":185,"parentId":141,"right":1394,"text":"1:09","top":2545,"viewIdResourceName":"tv.danmaku.bili:id/cover_right_text"},{"bottom":2780,"childCount":1,"className":"android.widget.LinearLayout","depth":17,"isClickable":false,"left":757,"nodeId":186,"parentId":143,"right":1394,"top":2642},{"bottom":2868,"childCount":0,"className":"android.widget.ImageView","depth":17,"isClickable":false,"left":757,"nodeId":187,"parentId":144,"right":813,"top":2812,"viewIdResourceName":"tv.danmaku.bili:id/story_tag"},{"bottom":2868,"childCount":1,"className":"android.widget.LinearLayout","depth":17,"isClickable":false,"left":827,"nodeId":188,"parentId":144,"right":1317,"top":2812},{"bottom":2868,"childCount":0,"className":"android.widget.ImageView","depth":17,"isClickable":false,"left":1352,"nodeId":189,"parentId":145,"right":1408,"top":2812},{"bottom":3144,"childCount":0,"className":"android.widget.ImageView","depth":17,"isClickable":false,"left":18,"nodeId":190,"parentId":146,"right":711,"top":2918,"viewIdResourceName":"tv.danmaku.bili:id/cover"},{"bottom":3144,"childCount":0,"className":"android.widget.TextView","depth":17,"isClickable":false,"left":46,"nodeId":191,"parentId":147,"right":262,"text":"65.6万","top":3367,"viewIdResourceName":"tv.danmaku.bili:id/cover_left_text1"},{"bottom":3144,"childCount":0,"className":"android.widget.TextView","depth":17,"isClickable":false,"left":262,"nodeId":192,"parentId":147,"right":434,"text":"382","top":3367,"viewIdResourceName":"tv.danmaku.bili:id/cover_left_text2"},{"bottom":3144,"childCount":0,"className":"android.widget.TextView","depth":17,"isClickable":false,"left":625,"nodeId":193,"parentId":147,"right":683,"text":"1:21","top":3372,"viewIdResourceName":"tv.danmaku.bili:id/cover_right_text"},{"bottom":3144,"childCount":1,"className":"android.widget.LinearLayout","depth":17,"isClickable":false,"left":46,"nodeId":194,"parentId":149,"right":683,"top":3469},{"bottom":3144,"childCount":2,"className":"android.widget.LinearLayout","depth":17,"isClickable":false,"left":46,"nodeId":195,"parentId":150,"right":606,"top":3639},{"bottom":3144,"childCount":0,"className":"android.widget.ImageView","depth":17,"isClickable":false,"left":641,"nodeId":196,"parentId":151,"right":697,"top":3649},{"bottom":3144,"childCount":0,"className":"android.widget.ImageView","depth":17,"isClickable":false,"left":729,"nodeId":197,"parentId":152,"right":1422,"top":2918,"viewIdResourceName":"tv.danmaku.bili:id/cover"},{"bottom":3144,"childCount":0,"className":"android.widget.TextView","depth":17,"isClickable":false,"left":757,"nodeId":198,"parentId":153,"right":967,"text":"21.8万","top":3367,"viewIdResourceName":"tv.danmaku.bili:id/cover_left_text1"},{"bottom":3144,"childCount":0,"className":"android.widget.TextView","depth":17,"isClickable":false,"left":967,"nodeId":199,"parentId":153,"right":1135,"text":"732","top":3367,"viewIdResourceName":"tv.danmaku.bili:id/cover_left_text2"},{"bottom":3144,"childCount":0,"className":"android.widget.TextView","depth":17,"isClickable":false,"left":1307,"nodeId":200,"parentId":153,"right":1394,"text":"16:20","top":3372,"viewIdResourceName":"tv.danmaku.bili:id/cover_right_text"},{"bottom":3144,"childCount":1,"className":"android.widget.LinearLayout","depth":17,"isClickable":false,"left":757,"nodeId":201,"parentId":155,"right":1394,"top":3469},{"bottom":3144,"childCount":0,"className":"android.widget.ImageView","depth":17,"isClickable":false,"left":757,"nodeId":202,"parentId":156,"right":813,"top":3649,"viewIdResourceName":"tv.danmaku.bili:id/story_tag"},{"bottom":3144,"childCount":1,"className":"android.widget.LinearLayout","depth":17,"isClickable":false,"left":827,"nodeId":203,"parentId":156,"right":1317,"top":3649},{"bottom":3144,"childCount":0,"className":"android.widget.ImageView","depth":17,"isClickable":false,"left":1352,"nodeId":204,"parentId":157,"right":1408,"top":3649},{"bottom":1246,"childCount":3,"className":"androidx.recyclerview.widget.RecyclerView","depth":18,"isClickable":false,"left":18,"nodeId":205,"parentId":158,"right":1422,"top":456},{"bottom":1881,"childCount":0,"className":"android.widget.TextView","depth":18,"isClickable":false,"left":46,"nodeId":206,"parentId":166,"right":683,"text":"给我姐妹整应激了哈哈哈哈哈","top":1815,"viewIdResourceName":"tv.danmaku.bili:id/title"},{"bottom":2041,"childCount":0,"className":"android.widget.TextView","depth":18,"isClickable":true,"left":46,"nodeId":207,"parentId":167,"right":152,"text":"竖屏","top":1979,"viewIdResourceName":"tv.danmaku.bili:id/desc"},{"bottom":2038,"childCount":0,"className":"android.widget.TextView","depth":18,"isClickable":true,"left":166,"nodeId":208,"parentId":167,"right":334,"text":"群宝无敌","top":1982,"viewIdResourceName":"tv.danmaku.bili:id/real_desc"},{"bottom":1953,"childCount":0,"className":"android.widget.TextView","depth":18,"isClickable":false,"left":757,"nodeId":209,"parentId":173,"right":1394,"text":"找个色色的老公，有哪些好处？","top":1815,"viewIdResourceName":"tv.danmaku.bili:id/title"},{"bottom":2041,"childCount":0,"className":"android.widget.TextView","depth":18,"isClickable":true,"left":827,"nodeId":210,"parentId":175,"right":1062,"text":"不正经学姐g","top":1985,"viewIdResourceName":"tv.danmaku.bili:id/real_desc"},{"bottom":2868,"childCount":1,"className":"android.widget.LinearLayout","depth":18,"isClickable":false,"left":46,"nodeId":211,"parentId":180,"right":203,"top":2812,"viewIdResourceName":"tv.danmaku.bili:id/ad_icons"},{"bottom":2868,"childCount":0,"className":"android.widget.ImageView","depth":18,"isClickable":false,"left":641,"nodeId":212,"parentId":181,"right":697,"top":2812,"viewIdResourceName":"tv.danmaku.bili:id/more_icon"},{"bottom":2780,"childCount":0,"className":"android.widget.TextView","depth":18,"isClickable":false,"left":757,"nodeId":213,"parentId":186,"right":1394,"text":"乔布斯：一旦你认识到这一点，你的人生将被彻底重塑","top":2642,"viewIdResourceName":"tv.danmaku.bili:id/title"},{"bottom":2868,"childCount":0,"className":"android.widget.TextView","depth":18,"isClickable":true,"left":827,"nodeId":214,"parentId":188,"right":1121,"text":"不知名先生影视","top":2812,"viewIdResourceName":"tv.danmaku.bili:id/real_desc"},{"bottom":3144,"childCount":0,"className":"android.widget.TextView","depth":18,"isClickable":false,"left":46,"nodeId":215,"parentId":194,"right":683,"text":"臭卷宝生病了，实在是太可怜了","top":3469,"viewIdResourceName":"tv.danmaku.bili:id/title"},{"bottom":3144,"childCount":0,"className":"android.widget.TextView","depth":18,"isClickable":true,"left":46,"nodeId":216,"parentId":195,"right":225,"text":"0已关注","top":3639,"viewIdResourceName":"tv.danmaku.bili:id/desc"},{"bottom":3144,"childCount":0,"className":"android.widget.TextView","depth":18,"isClickable":true,"left":239,"nodeId":217,"parentId":195,"right":449,"text":"团宠酸奶妹","top":3644,"viewIdResourceName":"tv.danmaku.bili:id/real_desc"},{"bottom":3144,"childCount":0,"className":"android.widget.TextView","depth":18,"isClickable":false,"left":757,"nodeId":218,"parentId":201,"right":1394,"text":"新手必看，都是9.98万，中国品牌最好的4台插混轿车对比导购","top":3469,"viewIdResourceName":"tv.danmaku.bili:id/title"},{"bottom":3144,"childCount":0,"className":"android.widget.TextView","depth":18,"isClickable":true,"left":827,"nodeId":219,"parentId":203,"right":1051,"text":"HECHE嘻车","top":3649,"viewIdResourceName":"tv.danmaku.bili:id/real_desc"},{"bottom":1246,"childCount":2,"className":"android.widget.FrameLayout","depth":19,"isClickable":true,"left":18,"nodeId":220,"parentId":205,"right":-10,"top":456},{"bottom":1246,"childCount":2,"className":"android.widget.FrameLayout","depth":19,"isClickable":true,"left":18,"nodeId":221,"parentId":205,"right":1422,"top":456},{"bottom":1246,"childCount":2,"className":"android.widget.FrameLayout","depth":19,"isClickable":true,"left":1450,"nodeId":222,"parentId":205,"right":1422,"top":456},{"bottom":2868,"childCount":0,"className":"android.widget.TextView","depth":19,"isClickable":false,"left":46,"nodeId":223,"parentId":211,"right":203,"text":"1万点赞","top":2812,"viewIdResourceName":"tv.danmaku.bili:id/feed_ad_tag_text"},{"bottom":1246,"childCount":0,"className":"android.widget.ImageView","depth":20,"isClickable":false,"left":18,"nodeId":224,"parentId":220,"right":-10,"top":456,"viewIdResourceName":"tv.danmaku.bili:id/image"},{"bottom":1225,"childCount":0,"className":"android.widget.TextView","depth":20,"isClickable":false,"left":18,"nodeId":225,"parentId":220,"right":-325,"text":"精彩回顾！《我们的歌 第5季》激情开唱","top":1159,"viewIdResourceName":"tv.danmaku.bili:id/title"},{"bottom":1246,"childCount":0,"className":"android.widget.ImageView","depth":20,"isClickable":false,"left":18,"nodeId":226,"parentId":221,"right":1422,"top":456,"viewIdResourceName":"tv.danmaku.bili:id/image"},{"bottom":1225,"childCount":0,"className":"android.widget.TextView","depth":20,"isClickable":false,"left":46,"nodeId":227,"parentId":221,"right":1107,"text":"B站大学梗合集\u003e\u003e","top":1159,"viewIdResourceName":"tv.danmaku.bili:id/title"},{"bottom":1246,"childCount":0,"className":"android.widget.ImageView","depth":20,"isClickable":false,"left":1450,"nodeId":228,"parentId":222,"right":1422,"top":456,"viewIdResourceName":"tv.danmaku.bili:id/image"},{"bottom":1225,"childCount":0,"className":"android.widget.TextView","depth":20,"isClickable":false,"left":1478,"nodeId":229,"parentId":222,"right":1422,"text":"穿成这样去挑战国王可以吗","top":1159,"viewIdResourceName":"tv.danmaku.bili:id/title"}],"packageName":"tv.danmaku.bili","screenHeight":3200,"screenWidth":1440}