{"activityName":"com.jingdong.app.reader.logo.JdLogoActivity","appName":"京东读书","createTime":1725921580588,"fileId":"20f3db03-af60-4dc3-885a-b954b985931f","nodes":[{"bottom":3200,"childCount":1,"className":"android.widget.FrameLayout","depth":0,"isClickable":false,"left":0,"nodeId":0,"parentId":-1,"right":1440,"top":0},{"bottom":3200,"childCount":1,"className":"android.widget.LinearLayout","depth":1,"isClickable":false,"left":0,"nodeId":1,"parentId":0,"right":1440,"top":0},{"bottom":3200,"childCount":1,"className":"android.widget.FrameLayout","depth":2,"isClickable":false,"left":0,"nodeId":2,"parentId":1,"right":1440,"top":0},{"bottom":3200,"childCount":1,"className":"android.widget.LinearLayout","depth":3,"isClickable":false,"left":0,"nodeId":3,"parentId":2,"right":1440,"top":0,"viewIdResourceName":"com.jd.app.reader:id/action_bar_root"},{"bottom":3200,"childCount":1,"className":"android.widget.FrameLayout","depth":4,"isClickable":false,"left":0,"nodeId":4,"parentId":3,"right":1440,"top":0,"viewIdResourceName":"android:id/content"},{"bottom":3200,"childCount":3,"className":"android.widget.RelativeLayout","depth":5,"isClickable":false,"left":0,"nodeId":5,"parentId":4,"right":1440,"top":0,"viewIdResourceName":"com.jd.app.reader:id/logo_root_layout"},{"bottom":3200,"childCount":0,"className":"android.view.View","depth":6,"isClickable":false,"left":0,"nodeId":6,"parentId":5,"right":1440,"top":0,"viewIdResourceName":"com.jd.app.reader:id/logo_root_bg_view"},{"bottom":2857,"childCount":1,"className":"android.widget.FrameLayout","depth":6,"isClickable":false,"left":0,"nodeId":7,"parentId":5,"right":1440,"top":0,"viewIdResourceName":"com.jd.app.reader:id/logo_ad_layout"},{"bottom":3200,"childCount":1,"className":"android.widget.LinearLayout","depth":6,"isClickable":false,"left":0,"nodeId":8,"parentId":5,"right":1440,"top":2857,"viewIdResourceName":"com.jd.app.reader:id/bottom_layout"},{"bottom":2856,"childCount":2,"className":"android.widget.FrameLayout","depth":7,"isClickable":false,"left":0,"nodeId":9,"parentId":7,"right":1439,"top":0},{"bottom":3200,"childCount":0,"className":"android.widget.ImageView","depth":7,"isClickable":false,"left":63,"nodeId":10,"parentId":8,"right":1376,"top":2857,"viewIdResourceName":"com.jd.app.reader:id/logo_bottom_img"},{"bottom":0,"childCount":0,"className":"android.widget.FrameLayout","depth":8,"isClickable":false,"left":0,"nodeId":11,"parentId":9,"right":0,"top":0},{"bottom":2856,"childCount":3,"className":"android.widget.FrameLayout","depth":8,"isClickable":false,"left":0,"nodeId":12,"parentId":9,"right":1439,"top":0},{"bottom":2856,"childCount":1,"className":"android.widget.FrameLayout","depth":9,"isClickable":false,"left":0,"nodeId":13,"parentId":12,"right":1439,"top":0},{"bottom":316,"childCount":0,"className":"android.view.View","depth":9,"isClickable":true,"left":1243,"nodeId":14,"parentId":12,"right":1383,"top":176},{"bottom":2716,"childCount":0,"className":"android.widget.TextView","depth":9,"isClickable":true,"left":70,"nodeId":15,"parentId":12,"right":182,"top":2667},{"bottom":2856,"childCount":1,"className":"android.widget.FrameLayout","depth":10,"isClickable":false,"left":0,"nodeId":16,"parentId":13,"right":1439,"top":0},{"bottom":2856,"childCount":1,"className":"android.widget.FrameLayout","depth":11,"isClickable":false,"left":0,"nodeId":17,"parentId":16,"right":1439,"top":0},{"bottom":2856,"childCount":2,"className":"android.view.ViewGroup","depth":12,"isClickable":false,"left":0,"nodeId":18,"parentId":17,"right":1439,"top":0},{"bottom":2856,"childCount":1,"className":"android.view.ViewGroup","depth":13,"isClickable":false,"left":0,"nodeId":19,"parentId":18,"right":1439,"top":0},{"bottom":2856,"childCount":1,"className":"android.view.ViewGroup","depth":13,"isClickable":false,"left":0,"nodeId":20,"parentId":18,"right":1439,"top":0},{"bottom":2856,"childCount":1,"className":"android.view.ViewGroup","depth":14,"isClickable":false,"left":0,"nodeId":21,"parentId":19,"right":1439,"top":0},{"bottom":2856,"childCount":1,"className":"android.view.ViewGroup","depth":14,"isClickable":false,"left":0,"nodeId":22,"parentId":20,"right":1439,"top":0},{"bottom":2856,"childCount":0,"className":"android.widget.ImageView","depth":15,"isClickable":false,"left":0,"nodeId":23,"parentId":21,"right":1439,"top":0},{"bottom":2523,"childCount":3,"className":"android.view.ViewGroup","depth":15,"isClickable":false,"left":0,"nodeId":24,"parentId":22,"right":1439,"top":1870},{"bottom":2318,"childCount":0,"className":"android.widget.ImageView","depth":16,"isClickable":false,"left":194,"nodeId":25,"parentId":24,"right":1244,"top":1870},{"bottom":2437,"childCount":0,"className":"android.widget.TextView","depth":16,"isClickable":false,"left":449,"nodeId":26,"parentId":24,"right":989,"text":"任意滑动 或 扭一扭","top":2353},{"bottom":2523,"childCount":2,"className":"android.view.ViewGroup","depth":16,"isClickable":false,"left":385,"nodeId":27,"parentId":24,"right":1054,"top":2437},{"bottom":2522,"childCount":0,"className":"android.widget.ImageView","depth":17,"isClickable":false,"left":385,"nodeId":28,"parentId":27,"right":448,"top":2459},{"bottom":2523,"childCount":0,"className":"android.widget.TextView","depth":17,"isClickable":false,"left":466,"nodeId":29,"parentId":27,"right":1054,"text":"跳转至详情页或第三方应用","top":2458}],"packageName":"com.jd.app.reader","screenHeight":3200,"screenWidth":1440}