{"activityName":"com.julangling.xsgmain.ui.splash.SplashActivity","appName":"小时工记账","createTime":1725756827277,"fileId":"43bcef4b-4b5b-4b63-a7f2-ad28e4f5f690","nodes":[{"bottom":3200,"childCount":2,"className":"android.widget.FrameLayout","depth":0,"isClickable":false,"left":0,"nodeId":0,"parentId":-1,"right":1440,"top":0},{"bottom":3144,"childCount":1,"className":"android.widget.LinearLayout","depth":1,"isClickable":false,"left":0,"nodeId":1,"parentId":0,"right":1440,"top":0},{"bottom":3200,"childCount":0,"className":"android.view.View","depth":1,"isClickable":false,"left":0,"nodeId":2,"parentId":0,"right":1440,"top":3144,"viewIdResourceName":"android:id/navigationBarBackground"},{"bottom":3144,"childCount":1,"className":"android.widget.FrameLayout","depth":2,"isClickable":false,"left":0,"nodeId":3,"parentId":1,"right":1440,"top":0},{"bottom":3144,"childCount":1,"className":"android.widget.LinearLayout","depth":3,"isClickable":false,"left":0,"nodeId":4,"parentId":3,"right":1440,"top":0,"viewIdResourceName":"com.julangling.xsgjz:id/action_bar_root"},{"bottom":3144,"childCount":1,"className":"android.widget.FrameLayout","depth":4,"isClickable":false,"left":0,"nodeId":5,"parentId":4,"right":1440,"top":0,"viewIdResourceName":"android:id/content"},{"bottom":3144,"childCount":2,"className":"android.widget.FrameLayout","depth":5,"isClickable":false,"left":0,"nodeId":6,"parentId":5,"right":1440,"top":0},{"bottom":3144,"childCount":2,"className":"android.widget.FrameLayout","depth":6,"isClickable":false,"left":0,"nodeId":7,"parentId":6,"right":1440,"top":0},{"bottom":3144,"childCount":1,"className":"android.widget.FrameLayout","depth":6,"isClickable":false,"left":0,"nodeId":8,"parentId":6,"right":1440,"top":0,"viewIdResourceName":"com.julangling.xsgjz:id/adContainer"},{"bottom":2265,"childCount":0,"className":"android.widget.ImageView","depth":7,"isClickable":false,"left":63,"nodeId":9,"parentId":7,"right":1376,"top":0},{"bottom":3144,"childCount":2,"className":"android.widget.FrameLayout","depth":7,"isClickable":false,"left":0,"nodeId":10,"parentId":7,"right":1440,"top":2654},{"bottom":3144,"childCount":2,"className":"android.widget.FrameLayout","depth":7,"isClickable":false,"left":0,"nodeId":11,"parentId":8,"right":1440,"top":0},{"bottom":2766,"childCount":0,"className":"android.widget.ImageView","depth":8,"isClickable":true,"left":1030,"nodeId":12,"parentId":10,"right":1412,"top":2682,"viewIdResourceName":"com.julangling.xsgjz:id/ivSplashNoVip"},{"bottom":2976,"childCount":0,"className":"android.widget.ImageView","depth":8,"isClickable":false,"left":356,"nodeId":13,"parentId":10,"right":1084,"top":2822},{"bottom":3144,"childCount":2,"className":"android.widget.LinearLayout","depth":8,"isClickable":false,"left":0,"nodeId":14,"parentId":11,"right":1440,"top":0},{"bottom":3144,"childCount":2,"className":"android.widget.FrameLayout","depth":8,"isClickable":false,"left":0,"nodeId":15,"parentId":11,"right":1440,"top":0},{"bottom":2654,"childCount":2,"className":"android.widget.FrameLayout","depth":9,"isClickable":false,"left":0,"nodeId":16,"parentId":14,"right":1440,"top":0},{"bottom":3144,"childCount":1,"className":"android.widget.LinearLayout","depth":9,"isClickable":false,"left":0,"nodeId":17,"parentId":14,"right":1440,"top":2654,"viewIdResourceName":"com.julangling.xsgjz:id/llBottom"},{"bottom":2265,"childCount":0,"className":"android.widget.ImageView","depth":9,"isClickable":false,"left":63,"nodeId":18,"parentId":15,"right":1376,"top":0},{"bottom":3144,"childCount":1,"className":"android.widget.FrameLayout","depth":9,"isClickable":false,"left":0,"nodeId":19,"parentId":15,"right":1440,"top":2654},{"bottom":2654,"childCount":1,"className":"android.widget.FrameLayout","depth":10,"isClickable":false,"left":0,"nodeId":20,"parentId":16,"right":1440,"top":0,"viewIdResourceName":"com.julangling.xsgjz:id/flAdContainer"},{"bottom":131,"childCount":0,"className":"android.widget.TextView","depth":10,"isClickable":false,"left":56,"nodeId":21,"parentId":16,"right":56,"top":56,"viewIdResourceName":"com.julangling.xsgjz:id/tvDebugAd"},{"bottom":2766,"childCount":0,"className":"android.widget.ImageView","depth":10,"isClickable":true,"left":1030,"nodeId":22,"parentId":17,"right":1412,"top":2682,"viewIdResourceName":"com.julangling.xsgjz:id/ivBottomSplashNoVip"},{"bottom":2976,"childCount":0,"className":"android.widget.ImageView","depth":10,"isClickable":false,"left":356,"nodeId":23,"parentId":19,"right":1084,"top":2822},{"bottom":2654,"childCount":1,"className":"android.widget.FrameLayout","depth":11,"isClickable":false,"left":0,"nodeId":24,"parentId":20,"right":1440,"top":0},{"bottom":2654,"childCount":2,"className":"android.widget.FrameLayout","depth":12,"isClickable":false,"left":0,"nodeId":25,"parentId":24,"right":1440,"top":0},{"bottom":0,"childCount":0,"className":"android.widget.FrameLayout","depth":13,"isClickable":false,"left":0,"nodeId":26,"parentId":25,"right":0,"top":0},{"bottom":2654,"childCount":4,"className":"android.widget.FrameLayout","depth":13,"isClickable":false,"left":0,"nodeId":27,"parentId":25,"right":1440,"top":0},{"bottom":2654,"childCount":1,"className":"android.widget.FrameLayout","depth":14,"isClickable":false,"left":0,"nodeId":28,"parentId":27,"right":1440,"top":0},{"bottom":281,"childCount":0,"className":"android.widget.ImageView","depth":14,"isClickable":true,"left":56,"nodeId":29,"parentId":27,"right":161,"top":176},{"bottom":316,"childCount":0,"className":"android.view.View","depth":14,"isClickable":true,"left":1244,"nodeId":30,"parentId":27,"right":1384,"top":176},{"bottom":2514,"childCount":0,"className":"android.widget.TextView","depth":14,"isClickable":true,"left":70,"nodeId":31,"parentId":27,"right":182,"top":2465},{"bottom":2654,"childCount":1,"className":"android.widget.FrameLayout","depth":15,"isClickable":false,"left":0,"nodeId":32,"parentId":28,"right":1440,"top":0},{"bottom":2654,"childCount":1,"className":"android.widget.FrameLayout","depth":16,"isClickable":false,"left":0,"nodeId":33,"parentId":32,"right":1440,"top":0},{"bottom":2654,"childCount":4,"className":"android.widget.FrameLayout","depth":17,"isClickable":true,"left":0,"nodeId":34,"parentId":33,"right":1439,"top":0},{"bottom":2654,"childCount":1,"className":"android.widget.FrameLayout","depth":18,"isClickable":false,"left":0,"nodeId":35,"parentId":34,"right":1439,"top":0},{"bottom":311,"childCount":1,"className":"android.widget.FrameLayout","depth":18,"isClickable":false,"left":543,"nodeId":36,"parentId":34,"right":897,"top":175},{"bottom":493,"childCount":1,"className":"android.widget.FrameLayout","depth":18,"isClickable":false,"left":0,"nodeId":37,"parentId":34,"right":1439,"top":410},{"bottom":2202,"childCount":2,"className":"android.widget.FrameLayout","depth":18,"isClickable":false,"left":249,"nodeId":38,"parentId":34,"right":1194,"top":522},{"bottom":2654,"childCount":1,"className":"android.widget.LinearLayout","depth":19,"isClickable":false,"left":418,"nodeId":39,"parentId":35,"right":1021,"top":2195},{"bottom":311,"childCount":0,"className":"android.widget.TextView","depth":19,"isClickable":true,"left":543,"nodeId":40,"parentId":36,"right":897,"text":"途虎养车","top":175},{"bottom":493,"childCount":0,"className":"android.widget.TextView","depth":19,"isClickable":true,"left":0,"nodeId":41,"parentId":37,"right":1439,"text":"上海车主福利，来途虎，虎标快洗6次只需49元！","top":410},{"bottom":2202,"childCount":0,"className":"android.view.View","depth":19,"isClickable":true,"left":249,"nodeId":42,"parentId":38,"right":1194,"top":522},{"bottom":2202,"childCount":1,"className":"android.widget.FrameLayout","depth":19,"isClickable":false,"left":249,"nodeId":43,"parentId":38,"right":1194,"top":522},{"bottom":2654,"childCount":3,"className":"android.widget.LinearLayout","depth":20,"isClickable":false,"left":418,"nodeId":44,"parentId":39,"right":1021,"top":2195},{"bottom":2202,"childCount":1,"className":"android.widget.FrameLayout","depth":20,"isClickable":false,"left":249,"nodeId":45,"parentId":43,"right":1194,"top":522},{"bottom":2580,"childCount":1,"className":"android.widget.LinearLayout","depth":21,"isClickable":true,"left":527,"nodeId":46,"parentId":44,"right":912,"top":2195},{"bottom":2654,"childCount":0,"className":"android.widget.TextView","depth":21,"isClickable":false,"left":418,"nodeId":47,"parentId":44,"right":1021,"text":"扭动手机 或 点击图标","top":2594},{"bottom":2654,"childCount":0,"className":"android.widget.TextView","depth":21,"isClickable":false,"left":425,"nodeId":48,"parentId":44,"right":1013,"text":"跳转至详情页或第三方应用","top":2678},{"bottom":2202,"childCount":1,"className":"android.widget.FrameLayout","depth":21,"isClickable":false,"left":249,"nodeId":49,"parentId":45,"right":1194,"top":522},{"bottom":2562,"childCount":0,"className":"android.widget.ImageView","depth":22,"isClickable":false,"left":544,"nodeId":50,"parentId":46,"right":894,"top":2212},{"bottom":2202,"childCount":1,"className":"android.widget.FrameLayout","depth":22,"isClickable":false,"left":249,"nodeId":51,"parentId":49,"right":1194,"top":522},{"bottom":2202,"childCount":1,"className":"android.widget.FrameLayout","depth":23,"isClickable":false,"left":249,"nodeId":52,"parentId":51,"right":1194,"top":522},{"bottom":2202,"childCount":3,"className":"android.widget.RelativeLayout","depth":24,"isClickable":false,"left":249,"nodeId":53,"parentId":52,"right":1194,"top":522},{"bottom":522,"childCount":0,"className":"android.view.View","depth":25,"isClickable":false,"left":249,"nodeId":54,"parentId":53,"right":249,"top":522},{"bottom":2202,"childCount":0,"className":"android.view.View","depth":25,"isClickable":false,"left":249,"nodeId":55,"parentId":53,"right":1194,"top":522},{"bottom":2202,"childCount":0,"className":"android.widget.ProgressBar","depth":25,"isClickable":false,"left":249,"nodeId":56,"parentId":53,"right":1194,"top":2197}],"packageName":"com.julangling.xsgjz","screenHeight":3200,"screenWidth":1440}