{"activityName":"com.sohu.inputmethod.splashscreen.AppSplashActivity","appName":"搜狗输入法","createTime":1725979091230,"fileId":"450b0add-b8e2-4cac-9b49-015744bb786f","nodes":[{"bottom":3200,"childCount":2,"className":"android.widget.FrameLayout","depth":0,"isClickable":false,"left":0,"nodeId":0,"parentId":-1,"right":1440,"top":0},{"bottom":3144,"childCount":1,"className":"android.widget.LinearLayout","depth":1,"isClickable":false,"left":0,"nodeId":1,"parentId":0,"right":1440,"top":0},{"bottom":3200,"childCount":0,"className":"android.view.View","depth":1,"isClickable":false,"left":0,"nodeId":2,"parentId":0,"right":1440,"top":3144,"viewIdResourceName":"android:id/navigationBarBackground"},{"bottom":3144,"childCount":1,"className":"android.widget.FrameLayout","depth":2,"isClickable":false,"left":0,"nodeId":3,"parentId":1,"right":1440,"top":0,"viewIdResourceName":"android:id/content"},{"bottom":3144,"childCount":1,"className":"android.widget.RelativeLayout","depth":3,"isClickable":false,"left":0,"nodeId":4,"parentId":3,"right":1440,"top":0},{"bottom":3144,"childCount":5,"className":"android.widget.FrameLayout","depth":4,"isClickable":false,"left":0,"nodeId":5,"parentId":4,"right":1440,"top":0},{"bottom":3144,"childCount":0,"className":"android.widget.ImageView","depth":5,"isClickable":true,"left":0,"nodeId":6,"parentId":5,"right":1440,"top":0},{"bottom":3144,"childCount":1,"className":"android.widget.FrameLayout","depth":5,"isClickable":false,"left":0,"nodeId":7,"parentId":5,"right":1440,"top":0},{"bottom":295,"childCount":0,"className":"android.widget.LinearLayout","depth":5,"isClickable":true,"left":35,"nodeId":8,"parentId":5,"right":455,"top":204},{"bottom":277,"childCount":0,"className":"android.widget.TextView","depth":5,"isClickable":false,"left":944,"nodeId":9,"parentId":5,"right":1096,"text":"互动广告","top":225},{"bottom":298,"childCount":3,"className":"android.widget.LinearLayout","depth":5,"isClickable":true,"left":1138,"nodeId":10,"parentId":5,"right":1398,"top":204},{"bottom":3144,"childCount":0,"className":"android.view.View","depth":6,"isClickable":false,"left":0,"nodeId":11,"parentId":7,"right":1440,"top":0},{"bottom":284,"childCount":0,"className":"android.widget.TextView","depth":6,"isClickable":false,"left":1180,"nodeId":12,"parentId":10,"right":1209,"text":"4","top":218},{"bottom":274,"childCount":0,"className":"android.view.View","depth":6,"isClickable":false,"left":1230,"nodeId":13,"parentId":10,"right":1237,"top":228},{"bottom":284,"childCount":0,"className":"android.widget.TextView","depth":6,"isClickable":false,"left":1258,"nodeId":14,"parentId":10,"right":1356,"text":"跳过","top":218}],"packageName":"com.sohu.inputmethod.sogou","screenHeight":3200,"screenWidth":1440}