{"activityName":"com.coolapk.market.view.main.MainActivity","appName":"com.coolapk.market","fileId":1725431779207,"nodes":[{"bottom":3200,"childCount":2,"className":"android.widget.FrameLayout","depth":0,"isClickable":false,"left":0,"nodeId":0,"parentId":-1,"right":1440,"top":0},{"bottom":3200,"childCount":1,"className":"android.widget.LinearLayout","depth":1,"isClickable":false,"left":0,"nodeId":1,"parentId":0,"right":1440,"top":0},{"bottom":120,"childCount":0,"className":"android.view.View","depth":1,"isClickable":false,"left":0,"nodeId":2,"parentId":0,"right":1440,"top":0,"viewIdResourceName":"com.coolapk.market:id/fake_decor_status_bar"},{"bottom":3200,"childCount":1,"className":"android.widget.FrameLayout","depth":2,"isClickable":false,"left":0,"nodeId":3,"parentId":1,"right":1440,"top":0},{"bottom":3200,"childCount":1,"className":"android.widget.LinearLayout","depth":3,"isClickable":false,"left":0,"nodeId":4,"parentId":3,"right":1440,"top":0,"viewIdResourceName":"com.coolapk.market:id/action_bar_root"},{"bottom":3200,"childCount":3,"className":"android.widget.FrameLayout","depth":4,"isClickable":false,"left":0,"nodeId":5,"parentId":4,"right":1440,"top":0,"viewIdResourceName":"android:id/content"},{"bottom":3200,"childCount":1,"className":"android.widget.FrameLayout","depth":5,"isClickable":false,"left":0,"nodeId":6,"parentId":5,"right":1440,"top":0,"viewIdResourceName":"com.coolapk.market:id/content_view"},{"bottom":3200,"childCount":1,"className":"android.widget.FrameLayout","depth":5,"isClickable":false,"left":0,"nodeId":7,"parentId":5,"right":1440,"top":0,"viewIdResourceName":"com.coolapk.market:id/main_splash_ad"},{"bottom":120,"childCount":0,"className":"android.view.View","depth":5,"isClickable":false,"left":0,"nodeId":8,"parentId":5,"right":1440,"top":0,"viewIdResourceName":"com.coolapk.market:id/fake_content_status_bar"},{"bottom":3200,"childCount":1,"className":"android.widget.FrameLayout","depth":6,"isClickable":false,"left":0,"nodeId":9,"parentId":6,"right":1440,"top":0,"viewIdResourceName":"com.coolapk.market:id/main_content"},{"bottom":3200,"childCount":1,"className":"android.widget.FrameLayout","depth":6,"isClickable":false,"left":0,"nodeId":10,"parentId":7,"right":1440,"top":0},{"bottom":3200,"childCount":5,"className":"android.widget.FrameLayout","depth":7,"isClickable":false,"left":0,"nodeId":11,"parentId":9,"right":1440,"top":0,"viewIdResourceName":"com.coolapk.market:id/main_content"},{"bottom":3200,"childCount":3,"className":"android.view.ViewGroup","depth":7,"isClickable":true,"left":0,"nodeId":12,"parentId":10,"right":1440,"top":0,"viewIdResourceName":"com.coolapk.market:id/root_view"},{"bottom":3200,"childCount":0,"className":"android.widget.FrameLayout","depth":8,"isClickable":false,"left":0,"nodeId":13,"parentId":11,"right":1440,"top":0,"viewIdResourceName":"com.coolapk.market:id/full_fragment"},{"bottom":945,"childCount":1,"className":"android.widget.ImageSwitcher","depth":8,"isClickable":false,"left":0,"nodeId":14,"parentId":11,"right":1440,"top":0,"viewIdResourceName":"com.coolapk.market:id/main_blur_view"},{"bottom":414,"childCount":0,"className":"android.view.View","depth":8,"isClickable":false,"left":0,"nodeId":15,"parentId":11,"right":1440,"top":0,"viewIdResourceName":"com.coolapk.market:id/theme_mask_horizontal_view"},{"bottom":414,"childCount":0,"className":"android.view.View","depth":8,"isClickable":false,"left":0,"nodeId":16,"parentId":11,"right":1440,"top":0,"viewIdResourceName":"com.coolapk.market:id/theme_mask_vertical_view"},{"bottom":3200,"childCount":4,"className":"android.widget.ScrollView","depth":8,"isClickable":false,"left":0,"nodeId":17,"parentId":11,"right":1440,"top":120,"viewIdResourceName":"com.coolapk.market:id/coordinator"},{"bottom":2560,"childCount":1,"className":"android.widget.FrameLayout","depth":8,"isClickable":false,"left":0,"nodeId":18,"parentId":12,"right":1440,"top":0,"viewIdResourceName":"com.coolapk.market:id/ad_container"},{"bottom":2560,"childCount":0,"className":"android.widget.TextView","depth":8,"isClickable":false,"left":1440,"nodeId":19,"parentId":12,"right":1440,"top":2494,"viewIdResourceName":"com.coolapk.market:id/info_view"},{"bottom":3200,"childCount":1,"className":"android.widget.FrameLayout","depth":8,"isClickable":false,"left":0,"nodeId":20,"parentId":12,"right":1440,"top":2560,"viewIdResourceName":"com.coolapk.market:id/bottom_container"},{"bottom":945,"childCount":0,"className":"android.widget.ImageView","depth":9,"isClickable":false,"left":0,"nodeId":21,"parentId":14,"right":1440,"top":0},{"bottom":414,"childCount":2,"className":"android.widget.LinearLayout","depth":9,"isClickable":true,"left":0,"nodeId":22,"parentId":17,"right":1440,"top":120,"viewIdResourceName":"com.coolapk.market:id/app_bar"},{"bottom":3200,"childCount":1,"className":"android.widget.FrameLayout","depth":9,"isClickable":false,"left":0,"nodeId":23,"parentId":17,"right":1440,"top":414,"viewIdResourceName":"com.coolapk.market:id/main_fragment"},{"bottom":3200,"childCount":2,"className":"android.widget.FrameLayout","depth":9,"isClickable":true,"left":0,"nodeId":24,"parentId":17,"right":1440,"top":2969,"viewIdResourceName":"com.coolapk.market:id/bottom_navigation"},{"bottom":3200,"childCount":0,"className":"android.widget.FrameLayout","depth":9,"isClickable":false,"left":0,"nodeId":25,"parentId":17,"right":1440,"top":3144,"viewIdResourceName":"com.coolapk.market:id/bottom_background_placeholder_view"},{"bottom":2560,"childCount":1,"className":"android.widget.FrameLayout","depth":9,"isClickable":false,"left":0,"nodeId":26,"parentId":18,"right":1440,"top":0},{"bottom":3200,"childCount":1,"className":"android.widget.FrameLayout","depth":9,"isClickable":false,"left":0,"nodeId":27,"parentId":20,"right":1440,"top":2560,"viewIdResourceName":"com.coolapk.market:id/logo_container"},{"bottom":288,"childCount":3,"className":"android.widget.LinearLayout","depth":10,"isClickable":false,"left":0,"nodeId":28,"parentId":22,"right":1440,"top":120},{"bottom":414,"childCount":1,"className":"android.widget.FrameLayout","depth":10,"isClickable":false,"left":0,"nodeId":29,"parentId":22,"right":1440,"top":288},{"bottom":3200,"childCount":1,"className":"android.widget.RelativeLayout","depth":10,"isClickable":false,"left":0,"nodeId":30,"parentId":23,"right":1440,"top":414,"viewIdResourceName":"com.coolapk.market:id/root_view"},{"bottom":3144,"childCount":0,"className":"android.view.View","depth":10,"isClickable":false,"left":0,"nodeId":31,"parentId":24,"right":1440,"top":2969},{"bottom":3144,"childCount":4,"className":"android.widget.LinearLayout","depth":10,"isClickable":false,"left":0,"nodeId":32,"parentId":24,"right":1440,"top":2969},{"bottom":2560,"childCount":4,"className":"android.widget.FrameLayout","depth":10,"isClickable":false,"left":0,"nodeId":33,"parentId":26,"right":1440,"top":0},{"bottom":2964,"childCount":0,"className":"android.widget.ImageView","depth":10,"isClickable":false,"left":457,"nodeId":34,"parentId":27,"right":982,"top":2796,"viewIdResourceName":"com.coolapk.market:id/logo_view"},{"bottom":288,"childCount":1,"className":"android.widget.FrameLayout","depth":11,"isClickable":false,"left":0,"nodeId":35,"parentId":28,"right":196,"top":120},{"bottom":288,"childCount":1,"className":"android.widget.FrameLayout","depth":11,"isClickable":false,"left":196,"nodeId":36,"parentId":28,"right":1104,"top":120},{"bottom":288,"childCount":1,"className":"android.widget.FrameLayout","depth":11,"isClickable":false,"left":1104,"nodeId":37,"parentId":28,"right":1440,"top":120},{"bottom":414,"childCount":2,"className":"android.widget.LinearLayout","depth":11,"isClickable":false,"left":0,"nodeId":38,"parentId":29,"right":1440,"top":288},{"bottom":3200,"childCount":3,"className":"androidx.viewpager.widget.ViewPager","depth":11,"isClickable":false,"left":0,"nodeId":39,"parentId":30,"right":1440,"top":414,"viewIdResourceName":"com.coolapk.market:id/view_pager"},{"bottom":3144,"childCount":3,"className":"android.widget.FrameLayout","depth":11,"isClickable":true,"left":48,"nodeId":40,"parentId":32,"right":384,"top":2969,"viewIdResourceName":"com.coolapk.market:id/bottom_navigation_container"},{"bottom":3144,"childCount":3,"className":"android.widget.FrameLayout","depth":11,"isClickable":true,"left":384,"nodeId":41,"parentId":32,"right":720,"top":2969,"viewIdResourceName":"com.coolapk.market:id/bottom_navigation_container"},{"bottom":3144,"childCount":3,"className":"android.widget.FrameLayout","depth":11,"isClickable":true,"left":720,"nodeId":42,"parentId":32,"right":1056,"top":2969,"viewIdResourceName":"com.coolapk.market:id/bottom_navigation_container"},{"bottom":3144,"childCount":3,"className":"android.widget.FrameLayout","depth":11,"isClickable":true,"left":1056,"nodeId":43,"parentId":32,"right":1392,"top":2969,"viewIdResourceName":"com.coolapk.market:id/bottom_navigation_container"},{"bottom":2560,"childCount":1,"className":"android.widget.FrameLayout","depth":11,"isClickable":false,"left":0,"nodeId":44,"parentId":33,"right":1440,"top":0},{"bottom":305,"childCount":0,"className":"android.view.View","depth":11,"isClickable":true,"left":1116,"nodeId":45,"parentId":33,"right":1332,"top":208},{"bottom":316,"childCount":0,"className":"android.widget.TextView","depth":11,"isClickable":true,"left":1116,"nodeId":46,"parentId":33,"right":1332,"text":"跳过 3","top":219},{"bottom":2464,"childCount":1,"className":"android.widget.LinearLayout","depth":11,"isClickable":false,"left":403,"nodeId":47,"parentId":33,"right":1033,"top":1834},{"bottom":288,"childCount":1,"className":"android.widget.FrameLayout","depth":12,"isClickable":true,"left":0,"nodeId":48,"parentId":35,"right":196,"top":120},{"bottom":288,"childCount":1,"className":"android.widget.FrameLayout","depth":12,"isClickable":false,"left":196,"nodeId":49,"parentId":36,"right":1104,"top":120},{"bottom":288,"childCount":1,"className":"android.widget.FrameLayout","depth":12,"isClickable":false,"left":1104,"nodeId":50,"parentId":37,"right":1440,"top":120},{"bottom":414,"childCount":1,"className":"android.widget.HorizontalScrollView","depth":12,"isClickable":false,"left":0,"nodeId":51,"parentId":38,"right":1286,"top":288},{"bottom":414,"childCount":1,"className":"android.widget.FrameLayout","depth":12,"isClickable":true,"left":1286,"nodeId":52,"parentId":38,"right":1440,"top":288},{"bottom":3200,"childCount":2,"className":"android.widget.FrameLayout","depth":12,"isClickable":false,"left":0,"nodeId":53,"parentId":39,"right":0,"top":414},{"bottom":3200,"childCount":1,"className":"android.widget.FrameLayout","depth":12,"isClickable":false,"left":0,"nodeId":54,"parentId":39,"right":1440,"top":414},{"bottom":3200,"childCount":2,"className":"android.widget.FrameLayout","depth":12,"isClickable":false,"left":1440,"nodeId":55,"parentId":39,"right":1440,"top":414},{"bottom":3074,"childCount":0,"className":"android.widget.ImageView","depth":12,"isClickable":false,"left":174,"nodeId":56,"parentId":40,"right":258,"top":2990,"viewIdResourceName":"com.coolapk.market:id/bottom_navigation_item_icon"},{"bottom":3039,"childCount":0,"className":"android.widget.TextView","depth":12,"isClickable":false,"left":244,"nodeId":57,"parentId":40,"right":300,"top":2983,"viewIdResourceName":"com.coolapk.market:id/bottom_navigation_notification"},{"bottom":3123,"childCount":0,"className":"android.widget.TextView","depth":12,"isClickable":false,"left":48,"nodeId":58,"parentId":40,"right":384,"text":"首页","top":3076,"viewIdResourceName":"com.coolapk.market:id/bottom_navigation_item_title"},{"bottom":3074,"childCount":0,"className":"android.widget.ImageView","depth":12,"isClickable":false,"left":510,"nodeId":59,"parentId":41,"right":594,"top":2990,"viewIdResourceName":"com.coolapk.market:id/bottom_navigation_item_icon"},{"bottom":3039,"childCount":0,"className":"android.widget.TextView","depth":12,"isClickable":false,"left":580,"nodeId":60,"parentId":41,"right":636,"top":2983,"viewIdResourceName":"com.coolapk.market:id/bottom_navigation_notification"},{"bottom":3123,"childCount":0,"className":"android.widget.TextView","depth":12,"isClickable":false,"left":384,"nodeId":61,"parentId":41,"right":720,"text":"数码","top":3076,"viewIdResourceName":"com.coolapk.market:id/bottom_navigation_item_title"},{"bottom":3074,"childCount":0,"className":"android.widget.ImageView","depth":12,"isClickable":false,"left":846,"nodeId":62,"parentId":42,"right":930,"top":2990,"viewIdResourceName":"com.coolapk.market:id/bottom_navigation_item_icon"},{"bottom":3039,"childCount":0,"className":"android.widget.TextView","depth":12,"isClickable":false,"left":916,"nodeId":63,"parentId":42,"right":972,"top":2983,"viewIdResourceName":"com.coolapk.market:id/bottom_navigation_notification"},{"bottom":3123,"childCount":0,"className":"android.widget.TextView","depth":12,"isClickable":false,"left":720,"nodeId":64,"parentId":42,"right":1056,"text":"发现","top":3076,"viewIdResourceName":"com.coolapk.market:id/bottom_navigation_item_title"},{"bottom":3074,"childCount":0,"className":"android.widget.ImageView","depth":12,"isClickable":false,"left":1182,"nodeId":65,"parentId":43,"right":1266,"top":2990,"viewIdResourceName":"com.coolapk.market:id/bottom_navigation_item_icon"},{"bottom":3039,"childCount":0,"className":"android.widget.TextView","depth":12,"isClickable":false,"left":1252,"nodeId":66,"parentId":43,"right":1308,"top":2983,"viewIdResourceName":"com.coolapk.market:id/bottom_navigation_notification"},{"bottom":3123,"childCount":0,"className":"android.widget.TextView","depth":12,"isClickable":false,"left":1056,"nodeId":67,"parentId":43,"right":1392,"text":"我","top":3076,"viewIdResourceName":"com.coolapk.market:id/bottom_navigation_item_title"},{"bottom":2560,"childCount":3,"className":"android.widget.FrameLayout","depth":12,"isClickable":false,"left":0,"nodeId":68,"parentId":44,"right":1440,"top":0},{"bottom":2464,"childCount":0,"className":"android.widget.ImageView","depth":12,"isClickable":false,"left":403,"nodeId":69,"parentId":47,"right":1033,"top":1834},{"bottom":260,"childCount":2,"className":"android.widget.FrameLayout","depth":13,"isClickable":false,"left":42,"nodeId":70,"parentId":48,"right":154,"top":148},{"bottom":256,"childCount":2,"className":"android.widget.LinearLayout","depth":13,"isClickable":true,"left":196,"nodeId":71,"parentId":49,"right":1104,"top":151},{"bottom":274,"childCount":2,"className":"android.widget.LinearLayout","depth":13,"isClickable":false,"left":1132,"nodeId":72,"parentId":50,"right":1440,"top":134},{"bottom":414,"childCount":17,"className":"android.widget.LinearLayout","depth":13,"isClickable":false,"left":21,"nodeId":73,"parentId":51,"right":1286,"top":288},{"bottom":379,"childCount":0,"className":"android.widget.ImageView","depth":13,"isClickable":false,"left":1321,"nodeId":74,"parentId":52,"right":1405,"top":295,"viewIdResourceName":"com.coolapk.market:id/imageView"},{"bottom":3200,"childCount":0,"className":"android.view.ViewGroup","depth":13,"isClickable":false,"left":0,"nodeId":75,"parentId":53,"right":0,"top":414,"viewIdResourceName":"com.coolapk.market:id/swipe_refresh_view"},{"bottom":1779,"childCount":1,"className":"android.widget.FrameLayout","depth":13,"isClickable":false,"left":0,"nodeId":76,"parentId":53,"right":-636,"top":1611},{"bottom":3200,"childCount":1,"className":"android.view.ViewGroup","depth":13,"isClickable":false,"left":0,"nodeId":77,"parentId":54,"right":1440,"top":414,"viewIdResourceName":"com.coolapk.market:id/swipe_refresh_view"},{"bottom":3200,"childCount":0,"className":"android.view.ViewGroup","depth":13,"isClickable":false,"left":1440,"nodeId":78,"parentId":55,"right":1440,"top":414,"viewIdResourceName":"com.coolapk.market:id/swipe_refresh_view"},{"bottom":1779,"childCount":1,"className":"android.widget.FrameLayout","depth":13,"isClickable":false,"left":2076,"nodeId":79,"parentId":55,"right":1440,"top":1611},{"bottom":2560,"childCount":0,"className":"android.webkit.WebView","depth":13,"isClickable":true,"left":0,"nodeId":80,"parentId":68,"right":1440,"top":0},{"bottom":2560,"childCount":0,"className":"android.widget.TextView","depth":13,"isClickable":true,"left":0,"nodeId":81,"parentId":68,"right":960,"text":"应用名称：BeiZi | 开发者： | 应用版本： | 权限详情 | 隐私协议 | 功能介绍","top":2512},{"bottom":2518,"childCount":2,"className":"android.widget.LinearLayout","depth":13,"isClickable":false,"left":1266,"nodeId":82,"parentId":68,"right":1398,"top":2476},{"bottom":260,"childCount":0,"className":"android.view.View","depth":14,"isClickable":false,"left":42,"nodeId":83,"parentId":70,"right":154,"top":148},{"bottom":260,"childCount":0,"className":"android.widget.ImageView","depth":14,"isClickable":false,"left":42,"nodeId":84,"parentId":70,"right":154,"top":148},{"bottom":238,"childCount":0,"className":"android.widget.ImageView","depth":14,"isClickable":false,"left":224,"nodeId":85,"parentId":71,"right":294,"top":168},{"bottom":203,"childCount":0,"className":"android.widget.ViewFlipper","depth":14,"isClickable":false,"left":322,"nodeId":86,"parentId":71,"right":1104,"top":203},{"bottom":274,"childCount":2,"className":"android.widget.RelativeLayout","depth":14,"isClickable":true,"left":1132,"nodeId":87,"parentId":72,"right":1272,"top":134},{"bottom":274,"childCount":1,"className":"android.widget.FrameLayout","depth":14,"isClickable":true,"left":1272,"nodeId":88,"parentId":72,"right":1440,"top":134},{"bottom":414,"childCount":1,"className":"androidx.appcompat.app.ActionBar$Tab","depth":14,"isClickable":true,"left":21,"nodeId":89,"parentId":73,"right":217,"top":288},{"bottom":414,"childCount":1,"className":"androidx.appcompat.app.ActionBar$Tab","depth":14,"isClickable":true,"left":205,"nodeId":90,"parentId":73,"right":425,"top":288},{"bottom":414,"childCount":1,"className":"androidx.appcompat.app.ActionBar$Tab","depth":14,"isClickable":true,"left":413,"nodeId":91,"parentId":73,"right":609,"top":288},{"bottom":414,"childCount":1,"className":"androidx.appcompat.app.ActionBar$Tab","depth":14,"isClickable":true,"left":609,"nodeId":92,"parentId":73,"right":805,"top":288},{"bottom":414,"childCount":1,"className":"androidx.appcompat.app.ActionBar$Tab","depth":14,"isClickable":true,"left":805,"nodeId":93,"parentId":73,"right":1001,"top":288},{"bottom":414,"childCount":1,"className":"androidx.appcompat.app.ActionBar$Tab","depth":14,"isClickable":true,"left":1001,"nodeId":94,"parentId":73,"right":1197,"top":288},{"bottom":414,"childCount":1,"className":"androidx.appcompat.app.ActionBar$Tab","depth":14,"isClickable":true,"left":1197,"nodeId":95,"parentId":73,"right":1286,"top":288},{"bottom":414,"childCount":1,"className":"androidx.appcompat.app.ActionBar$Tab","depth":14,"isClickable":true,"left":1393,"nodeId":96,"parentId":73,"right":1286,"top":288},{"bottom":414,"childCount":1,"className":"androidx.appcompat.app.ActionBar$Tab","depth":14,"isClickable":true,"left":1589,"nodeId":97,"parentId":73,"right":1286,"top":288},{"bottom":414,"childCount":1,"className":"androidx.appcompat.app.ActionBar$Tab","depth":14,"isClickable":true,"left":1785,"nodeId":98,"parentId":73,"right":1286,"top":288},{"bottom":414,"childCount":1,"className":"androidx.appcompat.app.ActionBar$Tab","depth":14,"isClickable":true,"left":1981,"nodeId":99,"parentId":73,"right":1286,"top":288},{"bottom":414,"childCount":1,"className":"androidx.appcompat.app.ActionBar$Tab","depth":14,"isClickable":true,"left":2177,"nodeId":100,"parentId":73,"right":1286,"top":288},{"bottom":414,"childCount":1,"className":"androidx.appcompat.app.ActionBar$Tab","depth":14,"isClickable":true,"left":2373,"nodeId":101,"parentId":73,"right":1286,"top":288},{"bottom":414,"childCount":1,"className":"androidx.appcompat.app.ActionBar$Tab","depth":14,"isClickable":true,"left":2569,"nodeId":102,"parentId":73,"right":1286,"top":288},{"bottom":414,"childCount":1,"className":"androidx.appcompat.app.ActionBar$Tab","depth":14,"isClickable":true,"left":2765,"nodeId":103,"parentId":73,"right":1286,"top":288},{"bottom":414,"childCount":1,"className":"androidx.appcompat.app.ActionBar$Tab","depth":14,"isClickable":true,"left":2961,"nodeId":104,"parentId":73,"right":1286,"top":288},{"bottom":414,"childCount":1,"className":"androidx.appcompat.app.ActionBar$Tab","depth":14,"isClickable":true,"left":3157,"nodeId":105,"parentId":73,"right":1286,"top":288},{"bottom":1779,"childCount":0,"className":"android.widget.ProgressBar","depth":14,"isClickable":false,"left":0,"nodeId":106,"parentId":76,"right":-636,"top":1611,"viewIdResourceName":"com.coolapk.market:id/loading_view"},{"bottom":3200,"childCount":5,"className":"android.widget.GridView","depth":14,"isClickable":false,"left":0,"nodeId":107,"parentId":77,"right":1440,"top":414,"viewIdResourceName":"com.coolapk.market:id/recycler_view"},{"bottom":1779,"childCount":0,"className":"android.widget.ProgressBar","depth":14,"isClickable":false,"left":2076,"nodeId":108,"parentId":79,"right":1440,"top":1611,"viewIdResourceName":"com.coolapk.market:id/loading_view"},{"bottom":2518,"childCount":1,"className":"android.widget.FrameLayout","depth":14,"isClickable":true,"left":1266,"nodeId":109,"parentId":82,"right":1308,"top":2476},{"bottom":2518,"childCount":1,"className":"android.widget.FrameLayout","depth":14,"isClickable":false,"left":1313,"nodeId":110,"parentId":82,"right":1398,"top":2476},{"bottom":246,"childCount":0,"className":"android.view.View","depth":15,"isClickable":false,"left":1160,"nodeId":111,"parentId":87,"right":1244,"top":162},{"bottom":246,"childCount":0,"className":"android.widget.ImageView","depth":15,"isClickable":false,"left":1160,"nodeId":112,"parentId":87,"right":1244,"top":162,"viewIdResourceName":"com.coolapk.market:id/menu_badge_icon"},{"bottom":246,"childCount":1,"className":"android.widget.LinearLayout","depth":15,"isClickable":false,"left":1300,"nodeId":113,"parentId":88,"right":1384,"top":162},{"bottom":374,"childCount":1,"className":"android.widget.LinearLayout","depth":15,"isClickable":false,"left":21,"nodeId":114,"parentId":89,"right":217,"top":299,"viewIdResourceName":"com.coolapk.market:id/linear_view"},{"bottom":379,"childCount":1,"className":"android.widget.LinearLayout","depth":15,"isClickable":false,"left":205,"nodeId":115,"parentId":90,"right":425,"top":294,"viewIdResourceName":"com.coolapk.market:id/linear_view"},{"bottom":374,"childCount":1,"className":"android.widget.LinearLayout","depth":15,"isClickable":false,"left":413,"nodeId":116,"parentId":91,"right":609,"top":299,"viewIdResourceName":"com.coolapk.market:id/linear_view"},{"bottom":374,"childCount":1,"className":"android.widget.LinearLayout","depth":15,"isClickable":false,"left":609,"nodeId":117,"parentId":92,"right":805,"top":299,"viewIdResourceName":"com.coolapk.market:id/linear_view"},{"bottom":374,"childCount":1,"className":"android.widget.LinearLayout","depth":15,"isClickable":false,"left":805,"nodeId":118,"parentId":93,"right":1001,"top":299,"viewIdResourceName":"com.coolapk.market:id/linear_view"},{"bottom":374,"childCount":1,"className":"android.widget.LinearLayout","depth":15,"isClickable":false,"left":1001,"nodeId":119,"parentId":94,"right":1197,"top":299,"viewIdResourceName":"com.coolapk.market:id/linear_view"},{"bottom":374,"childCount":1,"className":"android.widget.LinearLayout","depth":15,"isClickable":false,"left":1197,"nodeId":120,"parentId":95,"right":1286,"top":299,"viewIdResourceName":"com.coolapk.market:id/linear_view"},{"bottom":374,"childCount":1,"className":"android.widget.LinearLayout","depth":15,"isClickable":false,"left":1393,"nodeId":121,"parentId":96,"right":1286,"top":299,"viewIdResourceName":"com.coolapk.market:id/linear_view"},{"bottom":374,"childCount":1,"className":"android.widget.LinearLayout","depth":15,"isClickable":false,"left":1589,"nodeId":122,"parentId":97,"right":1286,"top":299,"viewIdResourceName":"com.coolapk.market:id/linear_view"},{"bottom":374,"childCount":1,"className":"android.widget.LinearLayout","depth":15,"isClickable":false,"left":1785,"nodeId":123,"parentId":98,"right":1286,"top":299,"viewIdResourceName":"com.coolapk.market:id/linear_view"},{"bottom":374,"childCount":1,"className":"android.widget.LinearLayout","depth":15,"isClickable":false,"left":1981,"nodeId":124,"parentId":99,"right":1286,"top":299,"viewIdResourceName":"com.coolapk.market:id/linear_view"},{"bottom":374,"childCount":1,"className":"android.widget.LinearLayout","depth":15,"isClickable":false,"left":2177,"nodeId":125,"parentId":100,"right":1286,"top":299,"viewIdResourceName":"com.coolapk.market:id/linear_view"},{"bottom":374,"childCount":1,"className":"android.widget.LinearLayout","depth":15,"isClickable":false,"left":2373,"nodeId":126,"parentId":101,"right":1286,"top":299,"viewIdResourceName":"com.coolapk.market:id/linear_view"},{"bottom":374,"childCount":1,"className":"android.widget.LinearLayout","depth":15,"isClickable":false,"left":2569,"nodeId":127,"parentId":102,"right":1286,"top":299,"viewIdResourceName":"com.coolapk.market:id/linear_view"},{"bottom":374,"childCount":1,"className":"android.widget.LinearLayout","depth":15,"isClickable":false,"left":2765,"nodeId":128,"parentId":103,"right":1286,"top":299,"viewIdResourceName":"com.coolapk.market:id/linear_view"},{"bottom":374,"childCount":1,"className":"android.widget.LinearLayout","depth":15,"isClickable":false,"left":2961,"nodeId":129,"parentId":104,"right":1286,"top":299,"viewIdResourceName":"com.coolapk.market:id/linear_view"},{"bottom":374,"childCount":1,"className":"android.widget.LinearLayout","depth":15,"isClickable":false,"left":3157,"nodeId":130,"parentId":105,"right":1286,"top":299,"viewIdResourceName":"com.coolapk.market:id/linear_view"},{"bottom":894,"childCount":1,"className":"androidx.cardview.widget.CardView","depth":15,"isClickable":false,"left":32,"nodeId":131,"parentId":107,"right":1408,"top":435,"viewIdResourceName":"com.coolapk.market:id/coolapk_card_view"},{"bottom":1196,"childCount":1,"className":"androidx.cardview.widget.CardView","depth":15,"isClickable":false,"left":32,"nodeId":132,"parentId":107,"right":1408,"top":894,"viewIdResourceName":"com.coolapk.market:id/coolapk_card_view"},{"bottom":1336,"childCount":1,"className":"androidx.cardview.widget.CardView","depth":15,"isClickable":false,"left":0,"nodeId":133,"parentId":107,"right":1440,"top":1238,"viewIdResourceName":"com.coolapk.market:id/coolapk_card_view"},{"bottom":3167,"childCount":1,"className":"androidx.cardview.widget.CardView","depth":15,"isClickable":true,"left":32,"nodeId":134,"parentId":107,"right":1408,"top":1378,"viewIdResourceName":"com.coolapk.market:id/coolapk_card_view"},{"bottom":3200,"childCount":1,"className":"androidx.cardview.widget.CardView","depth":15,"isClickable":true,"left":32,"nodeId":135,"parentId":107,"right":1408,"top":3209,"viewIdResourceName":"com.coolapk.market:id/coolapk_card_view"},{"bottom":2518,"childCount":0,"className":"android.widget.ImageView","depth":15,"isClickable":false,"left":1266,"nodeId":136,"parentId":109,"right":1308,"top":2476},{"bottom":2518,"childCount":0,"className":"android.widget.ImageView","depth":15,"isClickable":false,"left":1313,"nodeId":137,"parentId":110,"right":1398,"top":2476},{"bottom":220,"childCount":0,"className":"android.widget.ImageView","depth":16,"isClickable":false,"left":1326,"nodeId":138,"parentId":113,"right":1358,"top":188,"viewIdResourceName":"com.coolapk.market:id/post_button"},{"bottom":374,"childCount":0,"className":"android.widget.TextView","depth":16,"isClickable":false,"left":63,"nodeId":139,"parentId":114,"right":175,"text":"关注","top":299},{"bottom":379,"childCount":0,"className":"android.widget.TextView","depth":16,"isClickable":false,"left":252,"nodeId":140,"parentId":115,"right":378,"text":"头条","top":294},{"bottom":374,"childCount":0,"className":"android.widget.TextView","depth":16,"isClickable":false,"left":455,"nodeId":141,"parentId":116,"right":567,"text":"热榜","top":299},{"bottom":374,"childCount":0,"className":"android.widget.TextView","depth":16,"isClickable":false,"left":651,"nodeId":142,"parentId":117,"right":763,"text":"快讯","top":299},{"bottom":374,"childCount":0,"className":"android.widget.TextView","depth":16,"isClickable":false,"left":847,"nodeId":143,"parentId":118,"right":959,"text":"话题","top":299},{"bottom":374,"childCount":0,"className":"android.widget.TextView","depth":16,"isClickable":false,"left":1043,"nodeId":144,"parentId":119,"right":1155,"text":"新机","top":299},{"bottom":374,"childCount":0,"className":"android.widget.TextView","depth":16,"isClickable":false,"left":1239,"nodeId":145,"parentId":120,"right":1286,"text":"开箱","top":299},{"bottom":374,"childCount":0,"className":"android.widget.TextView","depth":16,"isClickable":false,"left":1435,"nodeId":146,"parentId":121,"right":1286,"text":"摄影","top":299},{"bottom":374,"childCount":0,"className":"android.widget.TextView","depth":16,"isClickable":false,"left":1631,"nodeId":147,"parentId":122,"right":1286,"text":"教程","top":299},{"bottom":374,"childCount":0,"className":"android.widget.TextView","depth":16,"isClickable":false,"left":1827,"nodeId":148,"parentId":123,"right":1286,"text":"酷品","top":299},{"bottom":374,"childCount":0,"className":"android.widget.TextView","depth":16,"isClickable":false,"left":2023,"nodeId":149,"parentId":124,"right":1286,"text":"汽车","top":299},{"bottom":374,"childCount":0,"className":"android.widget.TextView","depth":16,"isClickable":false,"left":2219,"nodeId":150,"parentId":125,"right":1286,"text":"外设","top":299},{"bottom":374,"childCount":0,"className":"android.widget.TextView","depth":16,"isClickable":false,"left":2415,"nodeId":151,"parentId":126,"right":1286,"text":"视频","top":299},{"bottom":374,"childCount":0,"className":"android.widget.TextView","depth":16,"isClickable":false,"left":2611,"nodeId":152,"parentId":127,"right":1286,"text":"问答","top":299},{"bottom":374,"childCount":0,"className":"android.widget.TextView","depth":16,"isClickable":false,"left":2807,"nodeId":153,"parentId":128,"right":1286,"text":"直播","top":299},{"bottom":374,"childCount":0,"className":"android.widget.TextView","depth":16,"isClickable":false,"left":3003,"nodeId":154,"parentId":129,"right":1286,"text":"美化","top":299},{"bottom":374,"childCount":0,"className":"android.widget.TextView","depth":16,"isClickable":false,"left":3199,"nodeId":155,"parentId":130,"right":1286,"text":"好物榜","top":299},{"bottom":894,"childCount":1,"className":"android.widget.FrameLayout","depth":16,"isClickable":false,"left":32,"nodeId":156,"parentId":131,"right":1408,"top":435,"viewIdResourceName":"com.coolapk.market:id/item_view"},{"bottom":1196,"childCount":2,"className":"android.widget.LinearLayout","depth":16,"isClickable":false,"left":32,"nodeId":157,"parentId":132,"right":1408,"top":894,"viewIdResourceName":"com.coolapk.market:id/item_view"},{"bottom":1336,"childCount":4,"className":"androidx.recyclerview.widget.RecyclerView","depth":16,"isClickable":false,"left":0,"nodeId":158,"parentId":133,"right":1440,"top":1238,"viewIdResourceName":"com.coolapk.market:id/recycler_view"},{"bottom":3167,"childCount":8,"className":"android.widget.LinearLayout","depth":16,"isClickable":true,"left":32,"nodeId":159,"parentId":134,"right":1408,"top":1378,"viewIdResourceName":"com.coolapk.market:id/card_view"},{"bottom":3200,"childCount":8,"className":"android.widget.LinearLayout","depth":16,"isClickable":true,"left":32,"nodeId":160,"parentId":135,"right":1408,"top":3209,"viewIdResourceName":"com.coolapk.market:id/card_view"},{"bottom":894,"childCount":1,"className":"android.widget.LinearLayout","depth":17,"isClickable":false,"left":32,"nodeId":161,"parentId":156,"right":1408,"top":435,"viewIdResourceName":"com.coolapk.market:id/wrapper_view"},{"bottom":1161,"childCount":1,"className":"android.widget.LinearLayout","depth":17,"isClickable":false,"left":32,"nodeId":162,"parentId":157,"right":1408,"top":894,"viewIdResourceName":"com.coolapk.market:id/wrapper_view"},{"bottom":1168,"childCount":0,"className":"android.view.View","depth":17,"isClickable":false,"left":664,"nodeId":163,"parentId":157,"right":776,"top":1154,"viewIdResourceName":"com.coolapk.market:id/indicator_view"},{"bottom":1336,"childCount":0,"className":"android.widget.TextView","depth":17,"isClickable":false,"left":32,"nodeId":164,"parentId":158,"right":130,"text":"广场","top":1238,"viewIdResourceName":"com.coolapk.market:id/title_view"},{"bottom":1336,"childCount":3,"className":"android.widget.LinearLayout","depth":17,"isClickable":true,"left":158,"nodeId":165,"parentId":158,"right":917,"top":1238,"viewIdResourceName":"com.coolapk.market:id/item_view"},{"bottom":1336,"childCount":3,"className":"android.widget.LinearLayout","depth":17,"isClickable":true,"left":945,"nodeId":166,"parentId":158,"right":1284,"top":1238,"viewIdResourceName":"com.coolapk.market:id/item_view"},{"bottom":1336,"childCount":3,"className":"android.widget.LinearLayout","depth":17,"isClickable":true,"left":1312,"nodeId":167,"parentId":158,"right":1440,"top":1238,"viewIdResourceName":"com.coolapk.market:id/item_view"},{"bottom":1602,"childCount":1,"className":"android.widget.FrameLayout","depth":17,"isClickable":false,"left":32,"nodeId":168,"parentId":159,"right":1408,"top":1378},{"bottom":1766,"childCount":0,"className":"android.widget.TextView","depth":17,"isClickable":false,"left":74,"nodeId":169,"parentId":159,"right":1366,"text":"小米15随便放出一两条小道消息，这热度直接第一了[斗鸡眼滑稽]三代手机同时在榜 666 ","top":1602,"viewIdResourceName":"com.coolapk.market:id/text_view"},{"bottom":1766,"childCount":0,"className":"android.widget.FrameLayout","depth":17,"isClickable":false,"left":32,"nodeId":170,"parentId":159,"right":1408,"top":1766,"viewIdResourceName":"com.coolapk.market:id/extra_apk_type_container"},{"bottom":2448,"childCount":2,"className":"android.widget.FrameLayout","depth":17,"isClickable":false,"left":74,"nodeId":171,"parentId":159,"right":1366,"top":1808,"viewIdResourceName":"com.coolapk.market:id/frame_view"},{"bottom":2448,"childCount":0,"className":"android.widget.FrameLayout","depth":17,"isClickable":false,"left":32,"nodeId":172,"parentId":159,"right":1408,"top":2448,"viewIdResourceName":"com.coolapk.market:id/extra_type_container"},{"bottom":2574,"childCount":2,"className":"android.view.ViewGroup","depth":17,"isClickable":false,"left":74,"nodeId":173,"parentId":159,"right":1366,"top":2490},{"bottom":2964,"childCount":2,"className":"android.widget.LinearLayout","depth":17,"isClickable":true,"left":74,"nodeId":174,"parentId":159,"right":1366,"top":2616,"viewIdResourceName":"com.coolapk.market:id/card_view"},{"bottom":3167,"childCount":3,"className":"android.widget.LinearLayout","depth":17,"isClickable":false,"left":32,"nodeId":175,"parentId":159,"right":1408,"top":2964,"viewIdResourceName":"com.coolapk.market:id/feed_action_view"},{"bottom":3200,"childCount":1,"className":"android.widget.FrameLayout","depth":17,"isClickable":false,"left":32,"nodeId":176,"parentId":160,"right":1408,"top":3209},{"bottom":3200,"childCount":0,"className":"android.widget.TextView","depth":17,"isClickable":false,"left":74,"nodeId":177,"parentId":160,"right":1366,"text":"在小米15发布前，想写一篇长文感叹一下小米今年的华丽蜕变，内容带汽车。\n首先阐明我关于小屏的一个观点[受虐滑稽][受虐滑稽][受虐滑稽]：因为它是小米14，所以它即使是小屏也卖的火…查看更多 ","top":3433,"viewIdResourceName":"com.coolapk.market:id/text_view"},{"bottom":3200,"childCount":0,"className":"android.widget.FrameLayout","depth":17,"isClickable":false,"left":32,"nodeId":178,"parentId":160,"right":1408,"top":3775,"viewIdResourceName":"com.coolapk.market:id/extra_apk_type_container"},{"bottom":3200,"childCount":3,"className":"android.widget.FrameLayout","depth":17,"isClickable":false,"left":74,"nodeId":179,"parentId":160,"right":1366,"top":3817,"viewIdResourceName":"com.coolapk.market:id/frame_view"},{"bottom":3200,"childCount":0,"className":"android.widget.FrameLayout","depth":17,"isClickable":false,"left":32,"nodeId":180,"parentId":160,"right":1408,"top":4240,"viewIdResourceName":"com.coolapk.market:id/extra_type_container"},{"bottom":3200,"childCount":2,"className":"android.view.ViewGroup","depth":17,"isClickable":false,"left":74,"nodeId":181,"parentId":160,"right":1366,"top":4282},{"bottom":3200,"childCount":2,"className":"android.widget.LinearLayout","depth":17,"isClickable":true,"left":74,"nodeId":182,"parentId":160,"right":1366,"top":4408,"viewIdResourceName":"com.coolapk.market:id/card_view"},{"bottom":3200,"childCount":3,"className":"android.widget.LinearLayout","depth":17,"isClickable":false,"left":32,"nodeId":183,"parentId":160,"right":1408,"top":4769,"viewIdResourceName":"com.coolapk.market:id/feed_action_view"},{"bottom":894,"childCount":1,"className":"android.widget.FrameLayout","depth":18,"isClickable":false,"left":32,"nodeId":184,"parentId":161,"right":1408,"top":435,"viewIdResourceName":"com.coolapk.market:id/frame_view"},{"bottom":1161,"childCount":1,"className":"androidx.viewpager.widget.ViewPager","depth":18,"isClickable":false,"left":32,"nodeId":185,"parentId":162,"right":1408,"top":894,"viewIdResourceName":"com.coolapk.market:id/view_pager2"},{"bottom":1315,"childCount":0,"className":"android.widget.ImageView","depth":18,"isClickable":false,"left":186,"nodeId":186,"parentId":165,"right":242,"top":1259,"viewIdResourceName":"com.coolapk.market:id/icon_view"},{"bottom":1287,"childCount":0,"className":"android.view.View","depth":18,"isClickable":false,"left":242,"nodeId":187,"parentId":165,"right":256,"top":1287},{"bottom":1315,"childCount":0,"className":"android.widget.TextView","depth":18,"isClickable":false,"left":256,"nodeId":188,"parentId":165,"right":889,"text":"消息称英特尔将研发重心转至GPU","top":1259,"viewIdResourceName":"com.coolapk.market:id/title_view"},{"bottom":1315,"childCount":0,"className":"android.widget.ImageView","depth":18,"isClickable":false,"left":973,"nodeId":189,"parentId":166,"right":1029,"top":1259,"viewIdResourceName":"com.coolapk.market:id/icon_view"},{"bottom":1287,"childCount":0,"className":"android.view.View","depth":18,"isClickable":false,"left":1029,"nodeId":190,"parentId":166,"right":1043,"top":1287},{"bottom":1315,"childCount":0,"className":"android.widget.TextView","depth":18,"isClickable":false,"left":1043,"nodeId":191,"parentId":166,"right":1256,"text":"Redmi K60","top":1259,"viewIdResourceName":"com.coolapk.market:id/title_view"},{"bottom":1315,"childCount":0,"className":"android.widget.ImageView","depth":18,"isClickable":false,"left":1340,"nodeId":192,"parentId":167,"right":1396,"top":1259,"viewIdResourceName":"com.coolapk.market:id/icon_view"},{"bottom":1287,"childCount":0,"className":"android.view.View","depth":18,"isClickable":false,"left":1396,"nodeId":193,"parentId":167,"right":1410,"top":1287},{"bottom":1315,"childCount":0,"className":"android.widget.TextView","depth":18,"isClickable":false,"left":1410,"nodeId":194,"parentId":167,"right":1440,"text":"壁纸","top":1259,"viewIdResourceName":"com.coolapk.market:id/title_view"},{"bottom":1602,"childCount":1,"className":"android.widget.LinearLayout","depth":18,"isClickable":false,"left":32,"nodeId":195,"parentId":168,"right":1408,"top":1378},{"bottom":2448,"childCount":2,"className":"android.widget.FrameLayout","depth":18,"isClickable":false,"left":74,"nodeId":196,"parentId":171,"right":714,"top":1808,"viewIdResourceName":"com.coolapk.market:id/frame_view"},{"bottom":2448,"childCount":2,"className":"android.widget.FrameLayout","depth":18,"isClickable":false,"left":726,"nodeId":197,"parentId":171,"right":1366,"top":1808,"viewIdResourceName":"com.coolapk.market:id/frame_view"},{"bottom":2490,"childCount":1,"className":"android.widget.LinearLayout","depth":18,"isClickable":true,"left":74,"nodeId":198,"parentId":173,"right":74,"top":2490,"viewIdResourceName":"com.coolapk.market:id/card_view"},{"bottom":2574,"childCount":2,"className":"android.widget.LinearLayout","depth":18,"isClickable":true,"left":74,"nodeId":199,"parentId":173,"right":320,"top":2490,"viewIdResourceName":"com.coolapk.market:id/card_view"},{"bottom":2672,"childCount":0,"className":"android.widget.TextView","depth":18,"isClickable":false,"left":74,"nodeId":200,"parentId":174,"right":230,"text":"74赞","top":2616,"viewIdResourceName":"com.coolapk.market:id/new_tag_view"},{"bottom":2929,"childCount":0,"className":"android.widget.TextView","depth":18,"isClickable":false,"left":109,"nodeId":201,"parentId":174,"right":1331,"text":"樱花飘落在东湖: 一直想不明白，就国内厂商的德行，为啥让小米13.14独占小屏赛道这么久？小米1314用销量证明还是有不少人愿意为了小屏买单的。 ","top":2707,"viewIdResourceName":"com.coolapk.market:id/title_view"},{"bottom":3167,"childCount":2,"className":"android.widget.LinearLayout","depth":18,"isClickable":true,"left":32,"nodeId":202,"parentId":175,"right":490,"top":2964,"viewIdResourceName":"com.coolapk.market:id/feed_action_view_like"},{"bottom":3167,"childCount":2,"className":"android.widget.LinearLayout","depth":18,"isClickable":true,"left":490,"nodeId":203,"parentId":175,"right":949,"top":2964,"viewIdResourceName":"com.coolapk.market:id/feed_action_view_reply"},{"bottom":3167,"childCount":2,"className":"android.widget.LinearLayout","depth":18,"isClickable":true,"left":949,"nodeId":204,"parentId":175,"right":1408,"top":2964,"viewIdResourceName":"com.coolapk.market:id/feed_action_view_share"},{"bottom":3200,"childCount":1,"className":"android.widget.LinearLayout","depth":18,"isClickable":false,"left":32,"nodeId":205,"parentId":176,"right":1408,"top":3209},{"bottom":3200,"childCount":2,"className":"android.widget.FrameLayout","depth":18,"isClickable":false,"left":74,"nodeId":206,"parentId":179,"right":497,"top":3817,"viewIdResourceName":"com.coolapk.market:id/frame_view"},{"bottom":3200,"childCount":2,"className":"android.widget.FrameLayout","depth":18,"isClickable":false,"left":508,"nodeId":207,"parentId":179,"right":931,"top":3817,"viewIdResourceName":"com.coolapk.market:id/frame_view"},{"bottom":3200,"childCount":2,"className":"android.widget.FrameLayout","depth":18,"isClickable":false,"left":943,"nodeId":208,"parentId":179,"right":1366,"top":3817,"viewIdResourceName":"com.coolapk.market:id/frame_view"},{"bottom":3200,"childCount":1,"className":"android.widget.LinearLayout","depth":18,"isClickable":true,"left":74,"nodeId":209,"parentId":181,"right":74,"top":4282,"viewIdResourceName":"com.coolapk.market:id/card_view"},{"bottom":3200,"childCount":2,"className":"android.widget.LinearLayout","depth":18,"isClickable":true,"left":74,"nodeId":210,"parentId":181,"right":320,"top":4282,"viewIdResourceName":"com.coolapk.market:id/card_view"},{"bottom":3200,"childCount":0,"className":"android.widget.TextView","depth":18,"isClickable":false,"left":74,"nodeId":211,"parentId":182,"right":236,"text":"89赞","top":4408,"viewIdResourceName":"com.coolapk.market:id/new_tag_view"},{"bottom":3200,"childCount":0,"className":"android.widget.TextView","depth":18,"isClickable":false,"left":109,"nodeId":212,"parentId":182,"right":1331,"text":"Pouya: 米车会吸引不少新用户入坑小米，但是小米手机，我相信这些新用户只要用到就会直接拉黑小米，后续不会再支持小米，小米的手机部门特别是系统开发…","top":4499,"viewIdResourceName":"com.coolapk.market:id/title_view"},{"bottom":3200,"childCount":2,"className":"android.widget.LinearLayout","depth":18,"isClickable":true,"left":32,"nodeId":213,"parentId":183,"right":490,"top":4769,"viewIdResourceName":"com.coolapk.market:id/feed_action_view_like"},{"bottom":3200,"childCount":2,"className":"android.widget.LinearLayout","depth":18,"isClickable":true,"left":490,"nodeId":214,"parentId":183,"right":949,"top":4769,"viewIdResourceName":"com.coolapk.market:id/feed_action_view_reply"},{"bottom":3200,"childCount":2,"className":"android.widget.LinearLayout","depth":18,"isClickable":true,"left":949,"nodeId":215,"parentId":183,"right":1408,"top":4769,"viewIdResourceName":"com.coolapk.market:id/feed_action_view_share"},{"bottom":894,"childCount":1,"className":"android.widget.FrameLayout","depth":19,"isClickable":false,"left":32,"nodeId":216,"parentId":184,"right":1408,"top":435,"viewIdResourceName":"com.coolapk.market:id/banner_view"},{"bottom":1140,"childCount":1,"className":"androidx.recyclerview.widget.RecyclerView","depth":19,"isClickable":false,"left":60,"nodeId":217,"parentId":185,"right":1380,"top":915},{"bottom":1602,"childCount":4,"className":"android.widget.RelativeLayout","depth":19,"isClickable":false,"left":32,"nodeId":218,"parentId":195,"right":1408,"top":1378},{"bottom":2448,"childCount":0,"className":"android.widget.ImageView","depth":19,"isClickable":true,"left":74,"nodeId":219,"parentId":196,"right":714,"top":1808,"viewIdResourceName":"com.coolapk.market:id/image_view"},{"bottom":2448,"childCount":0,"className":"android.view.View","depth":19,"isClickable":false,"left":74,"nodeId":220,"parentId":196,"right":714,"top":1808,"viewIdResourceName":"com.coolapk.market:id/divider_view"},{"bottom":2448,"childCount":0,"className":"android.widget.ImageView","depth":19,"isClickable":true,"left":726,"nodeId":221,"parentId":197,"right":1366,"top":1808,"viewIdResourceName":"com.coolapk.market:id/image_view"},{"bottom":2448,"childCount":0,"className":"android.view.View","depth":19,"isClickable":false,"left":726,"nodeId":222,"parentId":197,"right":1366,"top":1808,"viewIdResourceName":"com.coolapk.market:id/divider_view"},{"bottom":2490,"childCount":0,"className":"android.widget.ImageView","depth":19,"isClickable":false,"left":74,"nodeId":223,"parentId":198,"right":74,"top":2490,"viewIdResourceName":"com.coolapk.market:id/icon_view"},{"bottom":2560,"childCount":0,"className":"android.widget.ImageView","depth":19,"isClickable":false,"left":88,"nodeId":224,"parentId":199,"right":144,"top":2504,"viewIdResourceName":"com.coolapk.market:id/icon_view"},{"bottom":2560,"childCount":0,"className":"android.widget.TextView","depth":19,"isClickable":false,"left":169,"nodeId":225,"parentId":199,"right":295,"text":"小米15","top":2504,"viewIdResourceName":"com.coolapk.market:id/title_view"},{"bottom":3097,"childCount":0,"className":"android.widget.ImageView","depth":19,"isClickable":false,"left":186,"nodeId":226,"parentId":202,"right":249,"top":3034,"viewIdResourceName":"com.coolapk.market:id/image_view"},{"bottom":3098,"childCount":0,"className":"android.widget.TextView","depth":19,"isClickable":false,"left":256,"nodeId":227,"parentId":202,"right":335,"text":"210","top":3032,"viewIdResourceName":"com.coolapk.market:id/text_view"},{"bottom":3097,"childCount":0,"className":"android.widget.ImageView","depth":19,"isClickable":false,"left":647,"nodeId":228,"parentId":203,"right":710,"top":3034,"viewIdResourceName":"com.coolapk.market:id/image_view"},{"bottom":3098,"childCount":0,"className":"android.widget.TextView","depth":19,"isClickable":false,"left":717,"nodeId":229,"parentId":203,"right":791,"text":"172","top":3032,"viewIdResourceName":"com.coolapk.market:id/text_view"},{"bottom":3097,"childCount":0,"className":"android.widget.ImageView","depth":19,"isClickable":false,"left":1129,"nodeId":230,"parentId":204,"right":1192,"top":3034,"viewIdResourceName":"com.coolapk.market:id/image_view"},{"bottom":3098,"childCount":0,"className":"android.widget.TextView","depth":19,"isClickable":false,"left":1199,"nodeId":231,"parentId":204,"right":1227,"text":"2","top":3032,"viewIdResourceName":"com.coolapk.market:id/text_view"},{"bottom":3200,"childCount":4,"className":"android.widget.RelativeLayout","depth":19,"isClickable":false,"left":32,"nodeId":232,"parentId":205,"right":1408,"top":3209},{"bottom":3200,"childCount":0,"className":"android.widget.ImageView","depth":19,"isClickable":true,"left":74,"nodeId":233,"parentId":206,"right":497,"top":3817,"viewIdResourceName":"com.coolapk.market:id/image_view"},{"bottom":3200,"childCount":0,"className":"android.view.View","depth":19,"isClickable":false,"left":74,"nodeId":234,"parentId":206,"right":497,"top":3817,"viewIdResourceName":"com.coolapk.market:id/divider_view"},{"bottom":3200,"childCount":0,"className":"android.widget.ImageView","depth":19,"isClickable":true,"left":508,"nodeId":235,"parentId":207,"right":931,"top":3817,"viewIdResourceName":"com.coolapk.market:id/image_view"},{"bottom":3200,"childCount":0,"className":"android.view.View","depth":19,"isClickable":false,"left":508,"nodeId":236,"parentId":207,"right":931,"top":3817,"viewIdResourceName":"com.coolapk.market:id/divider_view"},{"bottom":3200,"childCount":0,"className":"android.widget.ImageView","depth":19,"isClickable":true,"left":943,"nodeId":237,"parentId":208,"right":1366,"top":3817,"viewIdResourceName":"com.coolapk.market:id/image_view"},{"bottom":3200,"childCount":0,"className":"android.view.View","depth":19,"isClickable":false,"left":943,"nodeId":238,"parentId":208,"right":1366,"top":3817,"viewIdResourceName":"com.coolapk.market:id/divider_view"},{"bottom":3200,"childCount":0,"className":"android.widget.ImageView","depth":19,"isClickable":false,"left":74,"nodeId":239,"parentId":209,"right":74,"top":4282,"viewIdResourceName":"com.coolapk.market:id/icon_view"},{"bottom":3200,"childCount":0,"className":"android.widget.ImageView","depth":19,"isClickable":false,"left":88,"nodeId":240,"parentId":210,"right":144,"top":4296,"viewIdResourceName":"com.coolapk.market:id/icon_view"},{"bottom":3200,"childCount":0,"className":"android.widget.TextView","depth":19,"isClickable":false,"left":169,"nodeId":241,"parentId":210,"right":295,"text":"小米15","top":4296,"viewIdResourceName":"com.coolapk.market:id/title_view"},{"bottom":3200,"childCount":0,"className":"android.widget.ImageView","depth":19,"isClickable":false,"left":190,"nodeId":242,"parentId":213,"right":253,"top":4839,"viewIdResourceName":"com.coolapk.market:id/image_view"},{"bottom":3200,"childCount":0,"className":"android.widget.TextView","depth":19,"isClickable":false,"left":260,"nodeId":243,"parentId":213,"right":332,"text":"174","top":4837,"viewIdResourceName":"com.coolapk.market:id/text_view"},{"bottom":3200,"childCount":0,"className":"android.widget.ImageView","depth":19,"isClickable":false,"left":650,"nodeId":244,"parentId":214,"right":713,"top":4839,"viewIdResourceName":"com.coolapk.market:id/image_view"},{"bottom":3200,"childCount":0,"className":"android.widget.TextView","depth":19,"isClickable":false,"left":720,"nodeId":245,"parentId":214,"right":789,"text":"191","top":4837,"viewIdResourceName":"com.coolapk.market:id/text_view"},{"bottom":3200,"childCount":0,"className":"android.widget.ImageView","depth":19,"isClickable":false,"left":1129,"nodeId":246,"parentId":215,"right":1192,"top":4839,"viewIdResourceName":"com.coolapk.market:id/image_view"},{"bottom":3200,"childCount":0,"className":"android.widget.TextView","depth":19,"isClickable":false,"left":1199,"nodeId":247,"parentId":215,"right":1227,"text":"2","top":4837,"viewIdResourceName":"com.coolapk.market:id/text_view"},{"bottom":894,"childCount":2,"className":"android.widget.RelativeLayout","depth":20,"isClickable":false,"left":32,"nodeId":248,"parentId":216,"right":1408,"top":435,"viewIdResourceName":"com.coolapk.market:id/bannerContainer"},{"bottom":1140,"childCount":5,"className":"android.widget.GridView","depth":20,"isClickable":false,"left":60,"nodeId":249,"parentId":217,"right":1380,"top":915},{"bottom":1546,"childCount":2,"className":"android.widget.FrameLayout","depth":20,"isClickable":true,"left":74,"nodeId":250,"parentId":218,"right":186,"top":1434,"viewIdResourceName":"com.coolapk.market:id/user_avatar_view"},{"bottom":1491,"childCount":0,"className":"android.widget.TextView","depth":20,"isClickable":false,"left":221,"nodeId":251,"parentId":218,"right":1212,"text":"简单star","top":1420,"viewIdResourceName":"com.coolapk.market:id/name_view"},{"bottom":1554,"childCount":3,"className":"android.widget.LinearLayout","depth":20,"isClickable":false,"left":221,"nodeId":252,"parentId":218,"right":1212,"top":1498},{"bottom":1546,"childCount":0,"className":"android.widget.ImageView","depth":20,"isClickable":true,"left":1240,"nodeId":253,"parentId":218,"right":1408,"top":1378,"viewIdResourceName":"com.coolapk.market:id/more_view"},{"bottom":3200,"childCount":2,"className":"android.widget.FrameLayout","depth":20,"isClickable":true,"left":74,"nodeId":254,"parentId":232,"right":186,"top":3265,"viewIdResourceName":"com.coolapk.market:id/user_avatar_view"},{"bottom":3200,"childCount":0,"className":"android.widget.TextView","depth":20,"isClickable":false,"left":221,"nodeId":255,"parentId":232,"right":1212,"text":"茶知东方","top":3251,"viewIdResourceName":"com.coolapk.market:id/name_view"},{"bottom":3200,"childCount":3,"className":"android.widget.LinearLayout","depth":20,"isClickable":false,"left":221,"nodeId":256,"parentId":232,"right":1212,"top":3329},{"bottom":3200,"childCount":0,"className":"android.widget.ImageView","depth":20,"isClickable":true,"left":1240,"nodeId":257,"parentId":232,"right":1408,"top":3209,"viewIdResourceName":"com.coolapk.market:id/more_view"},{"bottom":894,"childCount":3,"className":"androidx.viewpager.widget.ViewPager","depth":21,"isClickable":false,"left":32,"nodeId":258,"parentId":248,"right":1408,"top":435,"viewIdResourceName":"com.coolapk.market:id/bannerViewPager"},{"bottom":894,"childCount":1,"className":"android.widget.RelativeLayout","depth":21,"isClickable":false,"left":32,"nodeId":259,"parentId":248,"right":1408,"top":806},{"bottom":1140,"childCount":2,"className":"android.widget.LinearLayout","depth":21,"isClickable":true,"left":60,"nodeId":260,"parentId":249,"right":324,"top":915,"viewIdResourceName":"com.coolapk.market:id/item_view"},{"bottom":1140,"childCount":2,"className":"android.widget.LinearLayout","depth":21,"isClickable":true,"left":324,"nodeId":261,"parentId":249,"right":588,"top":915,"viewIdResourceName":"com.coolapk.market:id/item_view"},{"bottom":1140,"childCount":2,"className":"android.widget.LinearLayout","depth":21,"isClickable":true,"left":588,"nodeId":262,"parentId":249,"right":852,"top":915,"viewIdResourceName":"com.coolapk.market:id/item_view"},{"bottom":1140,"childCount":2,"className":"android.widget.LinearLayout","depth":21,"isClickable":true,"left":852,"nodeId":263,"parentId":249,"right":1116,"top":915,"viewIdResourceName":"com.coolapk.market:id/item_view"},{"bottom":1140,"childCount":2,"className":"android.widget.LinearLayout","depth":21,"isClickable":true,"left":1116,"nodeId":264,"parentId":249,"right":1380,"top":915,"viewIdResourceName":"com.coolapk.market:id/item_view"},{"bottom":1546,"childCount":0,"className":"android.widget.ImageView","depth":21,"isClickable":false,"left":74,"nodeId":265,"parentId":250,"right":186,"top":1434},{"bottom":1546,"childCount":0,"className":"android.widget.ImageView","depth":21,"isClickable":false,"left":74,"nodeId":266,"parentId":250,"right":186,"top":1434,"viewIdResourceName":"com.coolapk.market:id/user_avatar_view"},{"bottom":1554,"childCount":0,"className":"android.widget.TextView","depth":21,"isClickable":false,"left":221,"nodeId":267,"parentId":252,"right":473,"text":"来自头条推荐","top":1498,"viewIdResourceName":"com.coolapk.market:id/from_where_view"},{"bottom":1547,"childCount":0,"className":"android.widget.ImageView","depth":21,"isClickable":false,"left":487,"nodeId":268,"parentId":252,"right":529,"top":1505},{"bottom":1554,"childCount":0,"className":"android.widget.TextView","depth":21,"isClickable":true,"left":529,"nodeId":269,"parentId":252,"right":667,"text":"小米13 ","top":1498,"viewIdResourceName":"com.coolapk.market:id/device_title"},{"bottom":3200,"childCount":0,"className":"android.widget.ImageView","depth":21,"isClickable":false,"left":74,"nodeId":270,"parentId":254,"right":186,"top":3265},{"bottom":3200,"childCount":0,"className":"android.widget.ImageView","depth":21,"isClickable":false,"left":74,"nodeId":271,"parentId":254,"right":186,"top":3265,"viewIdResourceName":"com.coolapk.market:id/user_avatar_view"},{"bottom":3200,"childCount":0,"className":"android.widget.TextView","depth":21,"isClickable":false,"left":221,"nodeId":272,"parentId":256,"right":473,"text":"来自头条推荐","top":3329,"viewIdResourceName":"com.coolapk.market:id/from_where_view"},{"bottom":3200,"childCount":0,"className":"android.widget.ImageView","depth":21,"isClickable":false,"left":487,"nodeId":273,"parentId":256,"right":529,"top":3336},{"bottom":3200,"childCount":0,"className":"android.widget.TextView","depth":21,"isClickable":true,"left":529,"nodeId":274,"parentId":256,"right":897,"text":"iPhone 15 Pro Max ","top":3329,"viewIdResourceName":"com.coolapk.market:id/device_title"},{"bottom":894,"childCount":1,"className":"android.widget.FrameLayout","depth":22,"isClickable":true,"left":32,"nodeId":275,"parentId":258,"right":32,"top":435},{"bottom":894,"childCount":1,"className":"android.widget.FrameLayout","depth":22,"isClickable":true,"left":32,"nodeId":276,"parentId":258,"right":1408,"top":435},{"bottom":894,"childCount":1,"className":"android.widget.FrameLayout","depth":22,"isClickable":true,"left":1408,"nodeId":277,"parentId":258,"right":1408,"top":435},{"bottom":894,"childCount":3,"className":"android.widget.LinearLayout","depth":22,"isClickable":false,"left":32,"nodeId":278,"parentId":259,"right":1408,"top":806,"viewIdResourceName":"com.coolapk.market:id/circleIndicator"},{"bottom":1059,"childCount":0,"className":"android.widget.ImageView","depth":22,"isClickable":false,"left":129,"nodeId":279,"parentId":260,"right":255,"top":933,"viewIdResourceName":"com.coolapk.market:id/icon_view"},{"bottom":1126,"childCount":0,"className":"android.widget.TextView","depth":22,"isClickable":false,"left":136,"nodeId":280,"parentId":260,"right":248,"text":"值得看","top":1070,"viewIdResourceName":"com.coolapk.market:id/title_view"},{"bottom":1059,"childCount":0,"className":"android.widget.ImageView","depth":22,"isClickable":false,"left":393,"nodeId":281,"parentId":261,"right":519,"top":933,"viewIdResourceName":"com.coolapk.market:id/icon_view"},{"bottom":1126,"childCount":0,"className":"android.widget.TextView","depth":22,"isClickable":false,"left":421,"nodeId":282,"parentId":261,"right":491,"text":"热闻","top":1070,"viewIdResourceName":"com.coolapk.market:id/title_view"},{"bottom":1059,"childCount":0,"className":"android.widget.ImageView","depth":22,"isClickable":false,"left":657,"nodeId":283,"parentId":262,"right":783,"top":933,"viewIdResourceName":"com.coolapk.market:id/icon_view"},{"bottom":1126,"childCount":0,"className":"android.widget.TextView","depth":22,"isClickable":false,"left":685,"nodeId":284,"parentId":262,"right":755,"text":"众测","top":1070,"viewIdResourceName":"com.coolapk.market:id/title_view"},{"bottom":1059,"childCount":0,"className":"android.widget.ImageView","depth":22,"isClickable":false,"left":921,"nodeId":285,"parentId":263,"right":1047,"top":933,"viewIdResourceName":"com.coolapk.market:id/icon_view"},{"bottom":1126,"childCount":0,"className":"android.widget.TextView","depth":22,"isClickable":false,"left":949,"nodeId":286,"parentId":263,"right":1019,"text":"买过","top":1070,"viewIdResourceName":"com.coolapk.market:id/title_view"},{"bottom":1059,"childCount":0,"className":"android.widget.ImageView","depth":22,"isClickable":false,"left":1185,"nodeId":287,"parentId":264,"right":1311,"top":933,"viewIdResourceName":"com.coolapk.market:id/icon_view"},{"bottom":1126,"childCount":0,"className":"android.widget.TextView","depth":22,"isClickable":false,"left":1171,"nodeId":288,"parentId":264,"right":1325,"text":"官方频道","top":1070,"viewIdResourceName":"com.coolapk.market:id/title_view"},{"bottom":894,"childCount":0,"className":"android.widget.ImageView","depth":23,"isClickable":false,"left":32,"nodeId":289,"parentId":275,"right":32,"top":435,"viewIdResourceName":"com.coolapk.market:id/image_view"},{"bottom":894,"childCount":0,"className":"android.widget.ImageView","depth":23,"isClickable":false,"left":32,"nodeId":290,"parentId":276,"right":1408,"top":435,"viewIdResourceName":"com.coolapk.market:id/image_view"},{"bottom":894,"childCount":0,"className":"android.widget.ImageView","depth":23,"isClickable":false,"left":1408,"nodeId":291,"parentId":277,"right":1408,"top":435,"viewIdResourceName":"com.coolapk.market:id/image_view"},{"bottom":859,"childCount":0,"className":"android.widget.ImageView","depth":23,"isClickable":false,"left":1284,"nodeId":292,"parentId":278,"right":1302,"top":841},{"bottom":859,"childCount":0,"className":"android.widget.ImageView","depth":23,"isClickable":false,"left":1316,"nodeId":293,"parentId":278,"right":1334,"top":841},{"bottom":859,"childCount":0,"className":"android.widget.ImageView","depth":23,"isClickable":false,"left":1348,"nodeId":294,"parentId":278,"right":1366,"top":841}],"packageName":"com.coolapk.market","screenHeight":3200,"screenWidth":1440}