{"activityName":"com.didi.sdk.app.MainActivity","appName":"滴滴出行","createTime":1725756784497,"fileId":"e835b293-7845-4988-9423-fe7f9d740d43","nodes":[{"bottom":3200,"childCount":2,"className":"android.widget.FrameLayout","depth":0,"isClickable":false,"left":0,"nodeId":0,"parentId":-1,"right":1440,"top":0},{"bottom":3144,"childCount":1,"className":"android.widget.LinearLayout","depth":1,"isClickable":false,"left":0,"nodeId":1,"parentId":0,"right":1440,"top":0},{"bottom":3200,"childCount":0,"className":"android.view.View","depth":1,"isClickable":false,"left":0,"nodeId":2,"parentId":0,"right":1440,"top":3144,"viewIdResourceName":"android:id/navigationBarBackground"},{"bottom":3144,"childCount":1,"className":"android.widget.FrameLayout","depth":2,"isClickable":false,"left":0,"nodeId":3,"parentId":1,"right":1440,"top":0,"viewIdResourceName":"android:id/content"},{"bottom":3144,"childCount":4,"className":"android.widget.RelativeLayout","depth":3,"isClickable":false,"left":0,"nodeId":4,"parentId":3,"right":1440,"top":0},{"bottom":3144,"childCount":1,"className":"android.widget.FrameLayout","depth":4,"isClickable":false,"left":0,"nodeId":5,"parentId":4,"right":1440,"top":0},{"bottom":3144,"childCount":1,"className":"android.widget.FrameLayout","depth":4,"isClickable":false,"left":0,"nodeId":6,"parentId":4,"right":1440,"top":0,"viewIdResourceName":"com.sdu.didi.psnger:id/jump_fl"},{"bottom":3144,"childCount":1,"className":"android.widget.RelativeLayout","depth":4,"isClickable":false,"left":0,"nodeId":7,"parentId":4,"right":1440,"top":2843,"viewIdResourceName":"com.sdu.didi.psnger:id/bottom_ll"},{"bottom":3088,"childCount":2,"className":"android.widget.LinearLayout","depth":4,"isClickable":true,"left":1181,"nodeId":8,"parentId":4,"right":1405,"top":2983,"viewIdResourceName":"com.sdu.didi.psnger:id/skip_ad_ll"},{"bottom":3144,"childCount":0,"className":"android.widget.ImageView","depth":5,"isClickable":false,"left":0,"nodeId":9,"parentId":5,"right":1440,"top":0,"viewIdResourceName":"com.sdu.didi.psnger:id/show_iv"},{"bottom":3144,"childCount":1,"className":"android.widget.RelativeLayout","depth":5,"isClickable":false,"left":0,"nodeId":10,"parentId":6,"right":1440,"top":0},{"bottom":3110,"childCount":0,"className":"android.widget.ImageView","depth":5,"isClickable":false,"left":519,"nodeId":11,"parentId":7,"right":920,"top":2896,"viewIdResourceName":"com.sdu.didi.psnger:id/bottom_log"},{"bottom":3068,"childCount":0,"className":"android.widget.TextView","depth":5,"isClickable":false,"left":1236,"nodeId":12,"parentId":8,"right":1264,"text":"2","top":3002,"viewIdResourceName":"com.sdu.didi.psnger:id/skip_ad_countdown_tv"},{"bottom":3061,"childCount":0,"className":"android.widget.TextView","depth":5,"isClickable":false,"left":1272,"nodeId":13,"parentId":8,"right":1350,"text":"跳过","top":3009,"viewIdResourceName":"com.sdu.didi.psnger:id/skip_ad_right_tv"},{"bottom":3144,"childCount":2,"className":"android.widget.RelativeLayout","depth":6,"isClickable":false,"left":0,"nodeId":14,"parentId":10,"right":1440,"top":0,"viewIdResourceName":"com.sdu.didi.psnger:id/jump_root"},{"bottom":2808,"childCount":2,"className":"android.widget.LinearLayout","depth":7,"isClickable":true,"left":405,"nodeId":15,"parentId":14,"right":1035,"top":2633,"viewIdResourceName":"com.sdu.didi.psnger:id/see_details_ll"},{"bottom":3144,"childCount":0,"className":"android.view.View","depth":7,"isClickable":false,"left":0,"nodeId":16,"parentId":14,"right":1440,"top":2843,"viewIdResourceName":"com.sdu.didi.psnger:id/placeholder_logo"},{"bottom":2729,"childCount":0,"className":"android.widget.TextView","depth":8,"isClickable":false,"left":543,"nodeId":17,"parentId":15,"right":896,"text":"点击查看详情","top":2658,"viewIdResourceName":"com.sdu.didi.psnger:id/details_top_tv"},{"bottom":2777,"childCount":0,"className":"android.widget.TextView","depth":8,"isClickable":false,"left":544,"nodeId":18,"parentId":15,"right":896,"text":"跳转详情页或第三方应用","top":2733,"viewIdResourceName":"com.sdu.didi.psnger:id/details_bottom_tv"}],"packageName":"com.sdu.didi.psnger","screenHeight":3200,"screenWidth":1440}