{"activityName":"com.luna.biz.ad.view.container.AdActivity","appName":"汽水音乐","createTime":1726136177905,"fileId":"ab69a19e-56e8-4983-9656-cdbab1b09682","nodes":[{"bottom":3200,"childCount":2,"className":"android.widget.FrameLayout","depth":0,"isClickable":false,"left":0,"nodeId":0,"parentId":-1,"right":1440,"top":0},{"bottom":3144,"childCount":1,"className":"android.widget.LinearLayout","depth":1,"isClickable":false,"left":0,"nodeId":1,"parentId":0,"right":1440,"top":0},{"bottom":3200,"childCount":0,"className":"android.view.View","depth":1,"isClickable":false,"left":0,"nodeId":2,"parentId":0,"right":1440,"top":3144,"viewIdResourceName":"android:id/navigationBarBackground"},{"bottom":3144,"childCount":1,"className":"android.widget.FrameLayout","depth":2,"isClickable":false,"left":0,"nodeId":3,"parentId":1,"right":1440,"top":0},{"bottom":3144,"childCount":1,"className":"android.widget.LinearLayout","depth":3,"isClickable":false,"left":0,"nodeId":4,"parentId":3,"right":1440,"top":0,"viewIdResourceName":"com.luna.music:id/ia"},{"bottom":3144,"childCount":1,"className":"android.widget.FrameLayout","depth":4,"isClickable":false,"left":0,"nodeId":5,"parentId":4,"right":1440,"top":0,"viewIdResourceName":"android:id/content"},{"bottom":3144,"childCount":1,"className":"android.widget.FrameLayout","depth":5,"isClickable":false,"left":0,"nodeId":6,"parentId":5,"right":1440,"top":0},{"bottom":3144,"childCount":1,"className":"android.widget.LinearLayout","depth":6,"isClickable":true,"left":0,"nodeId":7,"parentId":6,"right":1440,"top":0},{"bottom":3144,"childCount":1,"className":"android.widget.FrameLayout","depth":7,"isClickable":false,"left":0,"nodeId":8,"parentId":7,"right":1440,"top":0,"viewIdResourceName":"com.luna.music:id/ge9"},{"bottom":3144,"childCount":2,"className":"android.widget.FrameLayout","depth":8,"isClickable":false,"left":0,"nodeId":9,"parentId":8,"right":1440,"top":0},{"bottom":0,"childCount":0,"className":"android.widget.FrameLayout","depth":9,"isClickable":false,"left":0,"nodeId":10,"parentId":9,"right":0,"top":0},{"bottom":3144,"childCount":3,"className":"android.widget.FrameLayout","depth":9,"isClickable":false,"left":0,"nodeId":11,"parentId":9,"right":1440,"top":0},{"bottom":3144,"childCount":1,"className":"android.widget.FrameLayout","depth":10,"isClickable":false,"left":0,"nodeId":12,"parentId":11,"right":1440,"top":0},{"bottom":316,"childCount":0,"className":"android.view.View","depth":10,"isClickable":true,"left":1244,"nodeId":13,"parentId":11,"right":1384,"top":176},{"bottom":3004,"childCount":0,"className":"android.widget.TextView","depth":10,"isClickable":true,"left":70,"nodeId":14,"parentId":11,"right":182,"top":2955},{"bottom":3144,"childCount":1,"className":"android.widget.FrameLayout","depth":11,"isClickable":false,"left":0,"nodeId":15,"parentId":12,"right":1440,"top":0},{"bottom":3144,"childCount":1,"className":"android.widget.FrameLayout","depth":12,"isClickable":false,"left":0,"nodeId":16,"parentId":15,"right":1439,"top":0},{"bottom":3144,"childCount":1,"className":"android.webkit.WebView","depth":13,"isClickable":false,"left":0,"nodeId":17,"parentId":16,"right":1439,"top":0},{"bottom":3200,"childCount":1,"className":"android.webkit.WebView","depth":14,"isClickable":false,"left":0,"nodeId":18,"parentId":17,"right":1443,"text":"","top":0},{"bottom":3200,"childCount":2,"className":"android.view.View","depth":15,"isClickable":false,"left":0,"nodeId":19,"parentId":18,"right":1443,"text":"","top":0},{"bottom":-34947,"childCount":0,"className":"android.widget.TextView","depth":16,"isClickable":false,"left":0,"nodeId":20,"parentId":19,"right":-34454,"text":"福利限量随机发放，请点击查看","top":0},{"bottom":3200,"childCount":1,"className":"android.view.View","depth":16,"isClickable":false,"left":0,"nodeId":21,"parentId":19,"right":1443,"text":"","top":0},{"bottom":3200,"childCount":1,"className":"android.view.View","depth":17,"isClickable":false,"left":0,"nodeId":22,"parentId":21,"right":1442,"text":"","top":0},{"bottom":3200,"childCount":2,"className":"android.view.View","depth":18,"isClickable":false,"left":0,"nodeId":23,"parentId":22,"right":1442,"text":"","top":0},{"bottom":3200,"childCount":2,"className":"android.view.View","depth":19,"isClickable":false,"left":0,"nodeId":24,"parentId":23,"right":1442,"text":"","top":0},{"bottom":3200,"childCount":2,"className":"android.view.View","depth":19,"isClickable":false,"left":0,"nodeId":25,"parentId":23,"right":1442,"text":"","top":0},{"bottom":3200,"childCount":0,"className":"android.widget.Image","depth":20,"isClickable":false,"left":0,"nodeId":26,"parentId":24,"right":1442,"text":"o4c7YoIbreosiQaaBesPR6AIGeA4LBBbYCnNIQ~tplv-noop","top":0},{"bottom":2712,"childCount":4,"className":"android.view.View","depth":20,"isClickable":false,"left":0,"nodeId":27,"parentId":24,"right":1442,"text":"","top":2621},{"bottom":2586,"childCount":1,"className":"android.view.View","depth":20,"isClickable":false,"left":63,"nodeId":28,"parentId":25,"right":1379,"text":"","top":462},{"bottom":2394,"childCount":0,"className":"android.widget.TextView","depth":20,"isClickable":false,"left":448,"nodeId":29,"parentId":25,"right":990,"text":"福利限量随机发放，请点击查看","top":2345},{"bottom":2670,"childCount":0,"className":"android.widget.TextView","depth":21,"isClickable":false,"left":0,"nodeId":30,"parentId":27,"right":420,"text":"","top":2663},{"bottom":2712,"childCount":0,"className":"android.widget.TextView","depth":21,"isClickable":false,"left":416,"nodeId":31,"parentId":27,"right":504,"text":"","top":2621},{"bottom":2712,"childCount":0,"className":"android.widget.TextView","depth":21,"isClickable":false,"left":500,"nodeId":32,"parentId":27,"right":1022,"text":"点击进入直播间","top":2621},{"bottom":2670,"childCount":0,"className":"android.widget.TextView","depth":21,"isClickable":false,"left":1018,"nodeId":33,"parentId":27,"right":1442,"text":"","top":2663},{"bottom":2173,"childCount":8,"className":"android.view.View","depth":21,"isClickable":false,"left":63,"nodeId":34,"parentId":28,"right":1379,"text":"","top":651},{"bottom":717,"childCount":0,"className":"android.widget.TextView","depth":22,"isClickable":false,"left":539,"nodeId":35,"parentId":34,"right":899,"text":"","top":651},{"bottom":864,"childCount":0,"className":"android.widget.TextView","depth":22,"isClickable":false,"left":437,"nodeId":36,"parentId":34,"right":1001,"text":"恭喜获得优惠礼包","top":777},{"bottom":1102,"childCount":2,"className":"android.view.View","depth":22,"isClickable":false,"left":535,"nodeId":37,"parentId":34,"right":903,"text":"","top":931},{"bottom":1638,"childCount":1,"className":"android.view.View","depth":22,"isClickable":false,"left":238,"nodeId":38,"parentId":34,"right":1204,"text":"","top":1442},{"bottom":2044,"childCount":1,"className":"android.view.View","depth":22,"isClickable":false,"left":462,"nodeId":39,"parentId":34,"right":973,"text":"","top":1883},{"bottom":2173,"childCount":2,"className":"android.view.View","depth":22,"isClickable":false,"left":455,"nodeId":40,"parentId":34,"right":983,"text":"","top":2107},{"bottom":1284,"childCount":0,"className":"android.widget.TextView","depth":22,"isClickable":false,"left":56,"nodeId":41,"parentId":34,"right":374,"text":"","top":966},{"bottom":2366,"childCount":0,"className":"android.widget.TextView","depth":22,"isClickable":false,"left":1008,"nodeId":42,"parentId":34,"right":1323,"text":"","top":2156},{"bottom":1102,"childCount":0,"className":"android.widget.TextView","depth":23,"isClickable":false,"left":535,"nodeId":43,"parentId":37,"right":836,"text":"5.01","top":931},{"bottom":1078,"childCount":0,"className":"android.widget.TextView","depth":23,"isClickable":false,"left":840,"nodeId":44,"parentId":37,"right":903,"text":"元","top":1001},{"bottom":1638,"childCount":2,"className":"android.view.View","depth":23,"isClickable":false,"left":595,"nodeId":45,"parentId":38,"right":843,"text":"","top":1442},{"bottom":1995,"childCount":0,"className":"android.widget.TextView","depth":23,"isClickable":false,"left":612,"nodeId":46,"parentId":39,"right":826,"text":"开心收下","top":1932},{"bottom":2173,"childCount":0,"className":"android.widget.TextView","depth":23,"isClickable":false,"left":455,"nodeId":47,"parentId":40,"right":514,"text":"","top":2107},{"bottom":2166,"childCount":0,"className":"android.widget.TextView","depth":23,"isClickable":false,"left":511,"nodeId":48,"parentId":40,"right":983,"text":"扭一扭或点击进入直播间","top":2110},{"bottom":1571,"childCount":0,"className":"android.widget.TextView","depth":24,"isClickable":false,"left":651,"nodeId":49,"parentId":45,"right":787,"text":"","top":1442},{"bottom":1638,"childCount":2,"className":"android.view.View","depth":24,"isClickable":false,"left":619,"nodeId":50,"parentId":45,"right":819,"text":"","top":1596},{"bottom":1638,"childCount":0,"className":"android.widget.TextView","depth":25,"isClickable":false,"left":619,"nodeId":51,"parentId":50,"right":693,"text":"5.01","top":1596},{"bottom":1638,"childCount":0,"className":"android.widget.TextView","depth":25,"isClickable":false,"left":686,"nodeId":52,"parentId":50,"right":819,"text":"元平台券","top":1596}],"packageName":"com.luna.music","screenHeight":3200,"screenWidth":1440}