{"activityName":"net.csdn.csdnplus.activity.SplashActivity","appName":"CSDN","createTime":1725957677595,"fileId":"3737625b-383a-4891-aada-493e811f048a","nodes":[{"bottom":3200,"childCount":2,"className":"android.widget.FrameLayout","depth":0,"isClickable":false,"left":0,"nodeId":0,"parentId":-1,"right":1440,"top":0},{"bottom":3144,"childCount":1,"className":"android.widget.LinearLayout","depth":1,"isClickable":false,"left":0,"nodeId":1,"parentId":0,"right":1440,"top":0},{"bottom":3200,"childCount":0,"className":"android.view.View","depth":1,"isClickable":false,"left":0,"nodeId":2,"parentId":0,"right":1440,"top":3144,"viewIdResourceName":"android:id/navigationBarBackground"},{"bottom":3144,"childCount":1,"className":"android.widget.FrameLayout","depth":2,"isClickable":false,"left":0,"nodeId":3,"parentId":1,"right":1440,"top":0},{"bottom":3144,"childCount":1,"className":"android.widget.LinearLayout","depth":3,"isClickable":false,"left":0,"nodeId":4,"parentId":3,"right":1440,"top":0,"viewIdResourceName":"net.csdn.csdnplus:id/action_bar_root"},{"bottom":3144,"childCount":1,"className":"android.widget.FrameLayout","depth":4,"isClickable":false,"left":0,"nodeId":5,"parentId":4,"right":1440,"top":0,"viewIdResourceName":"android:id/content"},{"bottom":3144,"childCount":2,"className":"android.widget.RelativeLayout","depth":5,"isClickable":false,"left":0,"nodeId":6,"parentId":5,"right":1440,"top":0},{"bottom":2724,"childCount":0,"className":"android.widget.ImageView","depth":6,"isClickable":false,"left":0,"nodeId":7,"parentId":6,"right":1440,"top":0,"viewIdResourceName":"net.csdn.csdnplus:id/iv_adv"},{"bottom":2724,"childCount":1,"className":"android.widget.FrameLayout","depth":6,"isClickable":false,"left":0,"nodeId":8,"parentId":6,"right":1440,"top":0,"viewIdResourceName":"net.csdn.csdnplus:id/fl_third_ad"},{"bottom":2724,"childCount":4,"className":"android.widget.FrameLayout","depth":7,"isClickable":false,"left":0,"nodeId":9,"parentId":8,"right":1440,"top":0},{"bottom":2724,"childCount":1,"className":"android.widget.FrameLayout","depth":8,"isClickable":false,"left":0,"nodeId":10,"parentId":9,"right":1440,"top":0},{"bottom":321,"childCount":0,"className":"android.view.View","depth":8,"isClickable":true,"left":1116,"nodeId":11,"parentId":9,"right":1332,"top":224},{"bottom":316,"childCount":0,"className":"android.widget.TextView","depth":8,"isClickable":true,"left":1116,"nodeId":12,"parentId":9,"right":1332,"text":"跳过 2","top":219},{"bottom":2601,"childCount":1,"className":"android.widget.LinearLayout","depth":8,"isClickable":false,"left":403,"nodeId":13,"parentId":9,"right":1033,"top":1971},{"bottom":2724,"childCount":2,"className":"android.widget.FrameLayout","depth":9,"isClickable":false,"left":0,"nodeId":14,"parentId":10,"right":1440,"top":0},{"bottom":2601,"childCount":0,"className":"android.widget.ImageView","depth":9,"isClickable":false,"left":403,"nodeId":15,"parentId":13,"right":1033,"top":1971},{"bottom":2724,"childCount":1,"className":"android.webkit.WebView","depth":10,"isClickable":false,"left":0,"nodeId":16,"parentId":14,"right":1440,"top":0},{"bottom":2682,"childCount":2,"className":"android.widget.LinearLayout","depth":10,"isClickable":false,"left":1266,"nodeId":17,"parentId":14,"right":1398,"top":2640},{"bottom":2727,"childCount":1,"className":"android.webkit.WebView","depth":11,"isClickable":false,"left":0,"nodeId":18,"parentId":16,"right":1442,"text":"Document","top":0},{"bottom":2682,"childCount":1,"className":"android.widget.FrameLayout","depth":11,"isClickable":true,"left":1266,"nodeId":19,"parentId":17,"right":1308,"top":2640},{"bottom":2682,"childCount":1,"className":"android.widget.FrameLayout","depth":11,"isClickable":false,"left":1313,"nodeId":20,"parentId":17,"right":1398,"top":2640},{"bottom":2727,"childCount":3,"className":"android.view.View","depth":12,"isClickable":false,"left":0,"nodeId":21,"parentId":18,"right":1442,"text":"","top":0},{"bottom":2682,"childCount":0,"className":"android.widget.ImageView","depth":12,"isClickable":false,"left":1266,"nodeId":22,"parentId":19,"right":1308,"top":2640},{"bottom":2682,"childCount":0,"className":"android.widget.ImageView","depth":12,"isClickable":false,"left":1313,"nodeId":23,"parentId":20,"right":1398,"top":2640},{"bottom":2727,"childCount":0,"className":"android.widget.TextView","depth":13,"isClickable":false,"left":0,"nodeId":24,"parentId":21,"right":1443,"text":"","top":0},{"bottom":2727,"childCount":0,"className":"android.widget.TextView","depth":13,"isClickable":false,"left":0,"nodeId":25,"parentId":21,"right":1442,"text":"","top":0},{"bottom":2727,"childCount":0,"className":"android.widget.TextView","depth":13,"isClickable":false,"left":0,"nodeId":26,"parentId":21,"right":1442,"text":"","top":0}],"packageName":"net.csdn.csdnplus","screenHeight":3200,"screenWidth":1440}