{"activityName":"com.zhihu.android.app.ui.activity.LauncherActivity","appName":"知乎","createTime":1725961111780,"fileId":"812b304e-63fd-42da-b200-7497a2e635c4","nodes":[{"bottom":3200,"childCount":2,"className":"android.widget.FrameLayout","depth":0,"isClickable":false,"left":0,"nodeId":0,"parentId":-1,"right":1440,"top":0},{"bottom":3144,"childCount":1,"className":"android.widget.LinearLayout","depth":1,"isClickable":false,"left":0,"nodeId":1,"parentId":0,"right":1440,"top":0},{"bottom":3200,"childCount":0,"className":"android.view.View","depth":1,"isClickable":false,"left":0,"nodeId":2,"parentId":0,"right":1440,"top":3144,"viewIdResourceName":"android:id/navigationBarBackground"},{"bottom":3144,"childCount":1,"className":"android.widget.FrameLayout","depth":2,"isClickable":false,"left":0,"nodeId":3,"parentId":1,"right":1440,"top":0},{"bottom":3144,"childCount":1,"className":"android.widget.FrameLayout","depth":3,"isClickable":false,"left":0,"nodeId":4,"parentId":3,"right":1440,"top":0,"viewIdResourceName":"com.zhihu.android:id/action_bar_root"},{"bottom":3144,"childCount":1,"className":"android.widget.FrameLayout","depth":4,"isClickable":false,"left":0,"nodeId":5,"parentId":4,"right":1440,"top":0,"viewIdResourceName":"android:id/content"},{"bottom":3144,"childCount":1,"className":"android.widget.FrameLayout","depth":5,"isClickable":false,"left":0,"nodeId":6,"parentId":5,"right":1440,"top":0},{"bottom":3144,"childCount":2,"className":"android.widget.RelativeLayout","depth":6,"isClickable":true,"left":0,"nodeId":7,"parentId":6,"right":1440,"top":0,"viewIdResourceName":"com.zhihu.android:id/launch_layout"},{"bottom":3144,"childCount":0,"className":"android.widget.ImageView","depth":7,"isClickable":false,"left":0,"nodeId":8,"parentId":7,"right":1440,"top":0},{"bottom":3144,"childCount":1,"className":"android.widget.RelativeLayout","depth":7,"isClickable":false,"left":0,"nodeId":9,"parentId":7,"right":1440,"top":0,"viewIdResourceName":"com.zhihu.android:id/show_layout"},{"bottom":3144,"childCount":2,"className":"android.widget.RelativeLayout","depth":8,"isClickable":true,"left":0,"nodeId":10,"parentId":9,"right":1440,"top":0,"viewIdResourceName":"com.zhihu.android:id/launch_ad_layout"},{"bottom":3144,"childCount":8,"className":"android.widget.RelativeLayout","depth":9,"isClickable":false,"left":0,"nodeId":11,"parentId":10,"right":1440,"top":0},{"bottom":215,"childCount":0,"className":"android.widget.TextView","depth":9,"isClickable":false,"left":1070,"nodeId":12,"parentId":10,"right":1160,"text":"广告","top":154},{"bottom":3144,"childCount":0,"className":"android.widget.ImageView","depth":10,"isClickable":false,"left":0,"nodeId":13,"parentId":11,"right":1440,"top":0},{"bottom":3144,"childCount":0,"className":"android.widget.ImageView","depth":10,"isClickable":false,"left":0,"nodeId":14,"parentId":11,"right":1440,"top":0,"viewIdResourceName":"com.zhihu.android:id/launch_ad_view_full"},{"bottom":2808,"childCount":0,"className":"android.widget.RelativeLayout","depth":10,"isClickable":false,"left":0,"nodeId":15,"parentId":11,"right":1440,"top":0,"viewIdResourceName":"com.zhihu.android:id/third_sdk_content_layout"},{"bottom":270,"childCount":0,"className":"android.widget.ImageView","depth":10,"isClickable":false,"left":0,"nodeId":16,"parentId":11,"right":1440,"top":0,"viewIdResourceName":"com.zhihu.android:id/zhihu_logo_image_bg"},{"bottom":224,"childCount":0,"className":"android.widget.ImageView","depth":10,"isClickable":false,"left":0,"nodeId":17,"parentId":11,"right":280,"top":161,"viewIdResourceName":"com.zhihu.android:id/zhihu_logo_image"},{"bottom":249,"childCount":1,"className":"android.widget.RelativeLayout","depth":10,"isClickable":false,"left":1165,"nodeId":18,"parentId":11,"right":1422,"top":144,"viewIdResourceName":"com.zhihu.android:id/btn_skip_hot_zone"},{"bottom":2864,"childCount":1,"className":"android.widget.RelativeLayout","depth":10,"isClickable":false,"left":450,"nodeId":19,"parentId":11,"right":989,"top":2353,"viewIdResourceName":"com.zhihu.android:id/shake_view"},{"bottom":2986,"childCount":1,"className":"android.widget.RelativeLayout","depth":10,"isClickable":false,"left":0,"nodeId":20,"parentId":11,"right":120,"top":2914,"viewIdResourceName":"com.zhihu.android:id/third_from_logo"},{"bottom":233,"childCount":0,"className":"android.widget.TextView","depth":11,"isClickable":true,"left":1200,"nodeId":21,"parentId":18,"right":1387,"text":"跳过5","top":144,"viewIdResourceName":"com.zhihu.android:id/btn_skip"},{"bottom":2864,"childCount":3,"className":"android.widget.RelativeLayout","depth":11,"isClickable":false,"left":450,"nodeId":22,"parentId":19,"right":989,"top":2353,"viewIdResourceName":"com.zhihu.android:id/rl_root"},{"bottom":2986,"childCount":0,"className":"android.widget.TextView","depth":11,"isClickable":false,"left":0,"nodeId":23,"parentId":20,"right":120,"text":"京东","top":2914,"viewIdResourceName":"com.zhihu.android:id/third_from_logo_txt"},{"bottom":2689,"childCount":1,"className":"android.widget.FrameLayout","depth":12,"isClickable":false,"left":551,"nodeId":24,"parentId":22,"right":887,"top":2353,"viewIdResourceName":"com.zhihu.android:id/iv_phone"},{"bottom":2791,"childCount":0,"className":"android.widget.TextView","depth":12,"isClickable":false,"left":593,"nodeId":25,"parentId":22,"right":845,"text":"翻转手机","top":2707,"viewIdResourceName":"com.zhihu.android:id/tv_shake"},{"bottom":2864,"childCount":0,"className":"android.widget.TextView","depth":12,"isClickable":false,"left":450,"nodeId":26,"parentId":22,"right":989,"text":"进入详情页或第三方应用","top":2798,"viewIdResourceName":"com.zhihu.android:id/tv_content"},{"bottom":2689,"childCount":0,"className":"android.view.View","depth":13,"isClickable":false,"left":551,"nodeId":27,"parentId":24,"right":887,"top":2353,"viewIdResourceName":"com.zhihu.android:id/pag_view"}],"packageName":"com.zhihu.android","screenHeight":3200,"screenWidth":1440}