{"activityName":"com.julangling.xsgmain.ui.splash.SplashActivity","appName":"小时工记账","createTime":1726647829732,"fileId":"28b730a3-5ac7-44c7-8f8a-9daf1b8effbe","nodes":[{"bottom":3200,"childCount":2,"className":"android.widget.FrameLayout","depth":0,"isClickable":false,"left":0,"nodeId":0,"parentId":-1,"right":1440,"top":0},{"bottom":3144,"childCount":1,"className":"android.widget.LinearLayout","depth":1,"isClickable":false,"left":0,"nodeId":1,"parentId":0,"right":1440,"top":0},{"bottom":3200,"childCount":0,"className":"android.view.View","depth":1,"isClickable":false,"left":0,"nodeId":2,"parentId":0,"right":1440,"top":3144,"viewIdResourceName":"android:id/navigationBarBackground"},{"bottom":3144,"childCount":1,"className":"android.widget.FrameLayout","depth":2,"isClickable":false,"left":0,"nodeId":3,"parentId":1,"right":1440,"top":0},{"bottom":3144,"childCount":1,"className":"android.widget.LinearLayout","depth":3,"isClickable":false,"left":0,"nodeId":4,"parentId":3,"right":1440,"top":0,"viewIdResourceName":"com.julangling.xsgjz:id/action_bar_root"},{"bottom":3144,"childCount":1,"className":"android.widget.FrameLayout","depth":4,"isClickable":false,"left":0,"nodeId":5,"parentId":4,"right":1440,"top":0,"viewIdResourceName":"android:id/content"},{"bottom":3144,"childCount":2,"className":"android.widget.FrameLayout","depth":5,"isClickable":false,"left":0,"nodeId":6,"parentId":5,"right":1440,"top":0},{"bottom":3144,"childCount":2,"className":"android.widget.FrameLayout","depth":6,"isClickable":false,"left":0,"nodeId":7,"parentId":6,"right":1440,"top":0},{"bottom":3144,"childCount":1,"className":"android.widget.FrameLayout","depth":6,"isClickable":false,"left":0,"nodeId":8,"parentId":6,"right":1440,"top":0,"viewIdResourceName":"com.julangling.xsgjz:id/adContainer"},{"bottom":2265,"childCount":0,"className":"android.widget.ImageView","depth":7,"isClickable":false,"left":63,"nodeId":9,"parentId":7,"right":1376,"top":0},{"bottom":3144,"childCount":2,"className":"android.widget.FrameLayout","depth":7,"isClickable":false,"left":0,"nodeId":10,"parentId":7,"right":1440,"top":2654},{"bottom":3144,"childCount":2,"className":"android.widget.FrameLayout","depth":7,"isClickable":false,"left":0,"nodeId":11,"parentId":8,"right":1440,"top":0},{"bottom":2766,"childCount":0,"className":"android.widget.ImageView","depth":8,"isClickable":true,"left":1030,"nodeId":12,"parentId":10,"right":1412,"top":2682,"viewIdResourceName":"com.julangling.xsgjz:id/ivSplashNoVip"},{"bottom":2976,"childCount":0,"className":"android.widget.ImageView","depth":8,"isClickable":false,"left":356,"nodeId":13,"parentId":10,"right":1084,"top":2822},{"bottom":3144,"childCount":2,"className":"android.widget.LinearLayout","depth":8,"isClickable":false,"left":0,"nodeId":14,"parentId":11,"right":1440,"top":0},{"bottom":3144,"childCount":2,"className":"android.widget.FrameLayout","depth":8,"isClickable":false,"left":0,"nodeId":15,"parentId":11,"right":1440,"top":0},{"bottom":2654,"childCount":2,"className":"android.widget.FrameLayout","depth":9,"isClickable":false,"left":0,"nodeId":16,"parentId":14,"right":1440,"top":0},{"bottom":3144,"childCount":1,"className":"android.widget.LinearLayout","depth":9,"isClickable":false,"left":0,"nodeId":17,"parentId":14,"right":1440,"top":2654,"viewIdResourceName":"com.julangling.xsgjz:id/llBottom"},{"bottom":2265,"childCount":0,"className":"android.widget.ImageView","depth":9,"isClickable":false,"left":63,"nodeId":18,"parentId":15,"right":1376,"top":0},{"bottom":3144,"childCount":1,"className":"android.widget.FrameLayout","depth":9,"isClickable":false,"left":0,"nodeId":19,"parentId":15,"right":1440,"top":2654},{"bottom":2654,"childCount":1,"className":"android.widget.FrameLayout","depth":10,"isClickable":false,"left":0,"nodeId":20,"parentId":16,"right":1440,"top":0,"viewIdResourceName":"com.julangling.xsgjz:id/flAdContainer"},{"bottom":131,"childCount":0,"className":"android.widget.TextView","depth":10,"isClickable":false,"left":56,"nodeId":21,"parentId":16,"right":56,"top":56,"viewIdResourceName":"com.julangling.xsgjz:id/tvDebugAd"},{"bottom":2766,"childCount":0,"className":"android.widget.ImageView","depth":10,"isClickable":true,"left":1030,"nodeId":22,"parentId":17,"right":1412,"top":2682,"viewIdResourceName":"com.julangling.xsgjz:id/ivBottomSplashNoVip"},{"bottom":2976,"childCount":0,"className":"android.widget.ImageView","depth":10,"isClickable":false,"left":356,"nodeId":23,"parentId":19,"right":1084,"top":2822},{"bottom":2654,"childCount":1,"className":"android.widget.FrameLayout","depth":11,"isClickable":false,"left":0,"nodeId":24,"parentId":20,"right":1440,"top":0},{"bottom":2654,"childCount":5,"className":"android.widget.FrameLayout","depth":12,"isClickable":false,"left":0,"nodeId":25,"parentId":24,"right":1440,"top":0},{"bottom":2654,"childCount":1,"className":"android.webkit.WebView","depth":13,"isClickable":false,"left":0,"nodeId":26,"parentId":25,"right":1440,"top":0},{"bottom":224,"childCount":0,"className":"android.widget.TextView","depth":13,"isClickable":true,"left":1183,"nodeId":27,"parentId":25,"right":1388,"text":"跳过 3","top":140},{"bottom":2065,"childCount":2,"className":"android.widget.LinearLayout","depth":13,"isClickable":true,"left":473,"nodeId":28,"parentId":25,"right":963,"top":1610},{"bottom":2604,"childCount":1,"className":"android.widget.FrameLayout","depth":13,"isClickable":false,"left":0,"nodeId":29,"parentId":25,"right":1410,"top":2562},{"bottom":2604,"childCount":1,"className":"android.widget.FrameLayout","depth":13,"isClickable":false,"left":30,"nodeId":30,"parentId":25,"right":1440,"top":2562},{"bottom":2657,"childCount":1,"className":"android.webkit.WebView","depth":14,"isClickable":false,"left":0,"nodeId":31,"parentId":26,"right":1442,"text":"Document","top":0},{"bottom":1953,"childCount":0,"className":"android.widget.ImageView","depth":14,"isClickable":false,"left":546,"nodeId":32,"parentId":28,"right":889,"top":1610},{"bottom":2065,"childCount":0,"className":"android.widget.TextView","depth":14,"isClickable":false,"left":529,"nodeId":33,"parentId":28,"right":907,"text":"摇一摇跳转至\n第三方应用或详情页","top":1953},{"bottom":2604,"childCount":0,"className":"android.widget.ImageView","depth":14,"isClickable":false,"left":1361,"nodeId":34,"parentId":29,"right":1410,"top":2562},{"bottom":2604,"childCount":0,"className":"android.widget.ImageView","depth":14,"isClickable":false,"left":30,"nodeId":35,"parentId":30,"right":128,"top":2562},{"bottom":2657,"childCount":0,"className":"android.widget.TextView","depth":15,"isClickable":false,"left":0,"nodeId":36,"parentId":31,"right":1442,"text":"","top":0}],"packageName":"com.julangling.xsgjz","screenHeight":3200,"screenWidth":1440}