{"activityName":"com.cainiao.wireless.homepage.view.activity.AdsActivity","appName":"菜鸟","createTime":1725697528575,"fileId":"5656e116-5a93-44da-8687-1a1dec170984","nodes":[{"bottom":3200,"childCount":2,"className":"android.widget.FrameLayout","depth":0,"isClickable":false,"left":0,"nodeId":0,"parentId":-1,"right":1440,"top":0},{"bottom":3144,"childCount":1,"className":"android.widget.LinearLayout","depth":1,"isClickable":false,"left":0,"nodeId":1,"parentId":0,"right":1440,"top":0},{"bottom":3200,"childCount":0,"className":"android.view.View","depth":1,"isClickable":false,"left":0,"nodeId":2,"parentId":0,"right":1440,"top":3144,"viewIdResourceName":"android:id/navigationBarBackground"},{"bottom":3144,"childCount":1,"className":"android.widget.FrameLayout","depth":2,"isClickable":false,"left":0,"nodeId":3,"parentId":1,"right":1440,"top":0,"viewIdResourceName":"android:id/content"},{"bottom":3144,"childCount":3,"className":"android.widget.FrameLayout","depth":3,"isClickable":false,"left":0,"nodeId":4,"parentId":3,"right":1440,"top":0,"viewIdResourceName":"com.cainiao.wireless:id/homesplash"},{"bottom":3144,"childCount":0,"className":"android.widget.ImageView","depth":4,"isClickable":false,"left":0,"nodeId":5,"parentId":4,"right":1440,"top":0,"viewIdResourceName":"com.cainiao.wireless:id/homesplash_pic"},{"bottom":3144,"childCount":4,"className":"android.view.ViewGroup","depth":4,"isClickable":false,"left":0,"nodeId":6,"parentId":4,"right":1440,"top":0,"viewIdResourceName":"com.cainiao.wireless:id/homesplash_fullscreen_layout"},{"bottom":3144,"childCount":1,"className":"android.widget.FrameLayout","depth":4,"isClickable":false,"left":0,"nodeId":7,"parentId":4,"right":1440,"top":2539,"viewIdResourceName":"com.cainiao.wireless:id/ad_shake_layout"},{"bottom":120,"childCount":0,"className":"android.view.View","depth":5,"isClickable":false,"left":0,"nodeId":8,"parentId":6,"right":1440,"top":0,"viewIdResourceName":"com.cainiao.wireless:id/spaceView"},{"bottom":267,"childCount":0,"className":"android.widget.ImageView","depth":5,"isClickable":false,"left":63,"nodeId":9,"parentId":6,"right":214,"top":183,"viewIdResourceName":"com.cainiao.wireless:id/homesplash_logo_layout"},{"bottom":255,"childCount":1,"className":"android.widget.RelativeLayout","depth":5,"isClickable":false,"left":1051,"nodeId":10,"parentId":6,"right":1115,"top":211,"viewIdResourceName":"com.cainiao.wireless:id/rl_splash_tip"},{"bottom":282,"childCount":0,"className":"android.widget.TextView","depth":5,"isClickable":true,"left":1136,"nodeId":11,"parentId":6,"right":1377,"text":"跳过 3","top":183,"viewIdResourceName":"com.cainiao.wireless:id/homesplash_close_fullscreen"},{"bottom":3144,"childCount":4,"className":"android.widget.RelativeLayout","depth":5,"isClickable":false,"left":0,"nodeId":12,"parentId":7,"right":1440,"top":2539},{"bottom":255,"childCount":0,"className":"android.widget.TextView","depth":6,"isClickable":false,"left":1051,"nodeId":13,"parentId":10,"right":1115,"text":"广告","top":211,"viewIdResourceName":"com.cainiao.wireless:id/alimama_tips"},{"bottom":2825,"childCount":0,"className":"android.view.View","depth":6,"isClickable":false,"left":588,"nodeId":14,"parentId":12,"right":851,"top":2562,"viewIdResourceName":"com.cainiao.wireless:id/shake_animation_background"},{"bottom":2825,"childCount":1,"className":"android.widget.RelativeLayout","depth":6,"isClickable":false,"left":588,"nodeId":15,"parentId":12,"right":851,"top":2562},{"bottom":2924,"childCount":0,"className":"android.widget.TextView","depth":6,"isClickable":false,"left":499,"nodeId":16,"parentId":12,"right":940,"text":"摇一摇手机开启详情","top":2858,"viewIdResourceName":"com.cainiao.wireless:id/tv_shake_title"},{"bottom":3016,"childCount":0,"className":"android.widget.TextView","depth":6,"isClickable":false,"left":401,"nodeId":17,"parentId":12,"right":1038,"text":"互动跳转详情页或第三方应用","top":2950,"viewIdResourceName":"com.cainiao.wireless:id/tv_shake_tips"},{"bottom":2806,"childCount":0,"className":"android.widget.ImageView","depth":7,"isClickable":false,"left":643,"nodeId":18,"parentId":15,"right":851,"top":2562,"viewIdResourceName":"com.cainiao.wireless:id/iv_shake"}],"packageName":"com.cainiao.wireless","screenHeight":3200,"screenWidth":1440}