{"activityName":"io.dushu.fandengreader.ad.LoadingAdActivity","appName":"帆书","createTime":1725961125852,"fileId":"88ad5f6b-e65b-4424-be8e-ab57e0eb613b","nodes":[{"bottom":3200,"childCount":2,"className":"android.widget.FrameLayout","depth":0,"isClickable":false,"left":0,"nodeId":0,"parentId":-1,"right":1440,"top":0},{"bottom":3144,"childCount":1,"className":"android.widget.LinearLayout","depth":1,"isClickable":false,"left":0,"nodeId":1,"parentId":0,"right":1440,"top":0},{"bottom":3200,"childCount":0,"className":"android.view.View","depth":1,"isClickable":false,"left":0,"nodeId":2,"parentId":0,"right":1440,"top":3144,"viewIdResourceName":"android:id/navigationBarBackground"},{"bottom":3144,"childCount":1,"className":"android.widget.FrameLayout","depth":2,"isClickable":false,"left":0,"nodeId":3,"parentId":1,"right":1440,"top":0},{"bottom":3144,"childCount":1,"className":"android.widget.LinearLayout","depth":3,"isClickable":false,"left":0,"nodeId":4,"parentId":3,"right":1440,"top":0,"viewIdResourceName":"io.dushu.fandengreader:id/action_bar_root"},{"bottom":3144,"childCount":1,"className":"android.widget.FrameLayout","depth":4,"isClickable":false,"left":0,"nodeId":5,"parentId":4,"right":1440,"top":0,"viewIdResourceName":"android:id/content"},{"bottom":3144,"childCount":4,"className":"android.view.ViewGroup","depth":5,"isClickable":false,"left":0,"nodeId":6,"parentId":5,"right":1440,"top":0,"viewIdResourceName":"io.dushu.fandengreader:id/root_layout"},{"bottom":2561,"childCount":0,"className":"android.widget.ImageView","depth":6,"isClickable":false,"left":0,"nodeId":7,"parentId":6,"right":1440,"top":0,"viewIdResourceName":"io.dushu.fandengreader:id/image"},{"bottom":2561,"childCount":0,"className":"android.widget.ImageView","depth":6,"isClickable":true,"left":0,"nodeId":8,"parentId":6,"right":1440,"top":0,"viewIdResourceName":"io.dushu.fandengreader:id/anniversary_image"},{"bottom":344,"childCount":2,"className":"android.widget.RelativeLayout","depth":6,"isClickable":true,"left":1177,"nodeId":9,"parentId":6,"right":1440,"top":190,"viewIdResourceName":"io.dushu.fandengreader:id/layout_skip"},{"bottom":2969,"childCount":0,"className":"android.widget.ImageView","depth":6,"isClickable":false,"left":603,"nodeId":10,"parentId":6,"right":838,"top":2892,"viewIdResourceName":"io.dushu.fandengreader:id/ivp6_tag"},{"bottom":307,"childCount":0,"className":"android.widget.TextView","depth":7,"isClickable":true,"left":1248,"nodeId":11,"parentId":9,"right":1310,"text":"2s","top":227,"viewIdResourceName":"io.dushu.fandengreader:id/tv_timer"},{"bottom":295,"childCount":0,"className":"android.widget.TextView","depth":7,"isClickable":true,"left":1324,"nodeId":12,"parentId":9,"right":1408,"text":"关闭","top":239,"viewIdResourceName":"io.dushu.fandengreader:id/btn_skip"}],"packageName":"io.dushu.fandengreader","screenHeight":3200,"screenWidth":1440}