{"activityName":"net.csdn.csdnplus.activity.SplashActivity","appName":"CSDN","createTime":1725957697970,"fileId":"7d45a0ad-f0ce-4856-b38b-dd545bfadeb5","nodes":[{"bottom":3200,"childCount":2,"className":"android.widget.FrameLayout","depth":0,"isClickable":false,"left":0,"nodeId":0,"parentId":-1,"right":1440,"top":0},{"bottom":3144,"childCount":1,"className":"android.widget.LinearLayout","depth":1,"isClickable":false,"left":0,"nodeId":1,"parentId":0,"right":1440,"top":0},{"bottom":3200,"childCount":0,"className":"android.view.View","depth":1,"isClickable":false,"left":0,"nodeId":2,"parentId":0,"right":1440,"top":3144,"viewIdResourceName":"android:id/navigationBarBackground"},{"bottom":3144,"childCount":1,"className":"android.widget.FrameLayout","depth":2,"isClickable":false,"left":0,"nodeId":3,"parentId":1,"right":1440,"top":0},{"bottom":3144,"childCount":1,"className":"android.widget.LinearLayout","depth":3,"isClickable":false,"left":0,"nodeId":4,"parentId":3,"right":1440,"top":0,"viewIdResourceName":"net.csdn.csdnplus:id/action_bar_root"},{"bottom":3144,"childCount":1,"className":"android.widget.FrameLayout","depth":4,"isClickable":false,"left":0,"nodeId":5,"parentId":4,"right":1440,"top":0,"viewIdResourceName":"android:id/content"},{"bottom":3144,"childCount":2,"className":"android.widget.RelativeLayout","depth":5,"isClickable":false,"left":0,"nodeId":6,"parentId":5,"right":1440,"top":0},{"bottom":2724,"childCount":0,"className":"android.widget.ImageView","depth":6,"isClickable":false,"left":0,"nodeId":7,"parentId":6,"right":1440,"top":0,"viewIdResourceName":"net.csdn.csdnplus:id/iv_adv"},{"bottom":2724,"childCount":1,"className":"android.widget.FrameLayout","depth":6,"isClickable":false,"left":0,"nodeId":8,"parentId":6,"right":1440,"top":0,"viewIdResourceName":"net.csdn.csdnplus:id/fl_third_ad"},{"bottom":2724,"childCount":1,"className":"android.widget.FrameLayout","depth":7,"isClickable":false,"left":0,"nodeId":9,"parentId":8,"right":1440,"top":0},{"bottom":2724,"childCount":1,"className":"android.widget.FrameLayout","depth":8,"isClickable":false,"left":0,"nodeId":10,"parentId":9,"right":1440,"top":0,"viewIdResourceName":"net.csdn.csdnplus:id/vlion_splash_fl_container"},{"bottom":2724,"childCount":1,"className":"android.widget.FrameLayout","depth":9,"isClickable":false,"left":0,"nodeId":11,"parentId":10,"right":1440,"top":0},{"bottom":2724,"childCount":2,"className":"android.widget.FrameLayout","depth":10,"isClickable":false,"left":0,"nodeId":12,"parentId":11,"right":1440,"top":0},{"bottom":2724,"childCount":1,"className":"android.widget.LinearLayout","depth":11,"isClickable":false,"left":0,"nodeId":13,"parentId":12,"right":1440,"top":0,"viewIdResourceName":"net.csdn.csdnplus:id/vlion_cn_ad_img_container"},{"bottom":2724,"childCount":3,"className":"android.widget.FrameLayout","depth":11,"isClickable":false,"left":0,"nodeId":14,"parentId":12,"right":1440,"top":0},{"bottom":2724,"childCount":0,"className":"android.widget.ImageView","depth":12,"isClickable":false,"left":0,"nodeId":15,"parentId":13,"right":1440,"top":0},{"bottom":179,"childCount":2,"className":"android.widget.LinearLayout","depth":12,"isClickable":false,"left":63,"nodeId":16,"parentId":14,"right":163,"top":133},{"bottom":188,"childCount":1,"className":"android.widget.FrameLayout","depth":12,"isClickable":false,"left":1171,"nodeId":17,"parentId":14,"right":1352,"top":105,"viewIdResourceName":"net.csdn.csdnplus:id/vlion_ad_closed"},{"bottom":2724,"childCount":2,"className":"android.widget.LinearLayout","depth":12,"isClickable":false,"left":0,"nodeId":18,"parentId":14,"right":1440,"top":1836},{"bottom":166,"childCount":0,"className":"android.widget.ImageView","depth":13,"isClickable":false,"left":67,"nodeId":19,"parentId":16,"right":99,"top":145,"viewIdResourceName":"net.csdn.csdnplus:id/advert_icon"},{"bottom":175,"childCount":0,"className":"android.widget.TextView","depth":13,"isClickable":false,"left":103,"nodeId":20,"parentId":16,"right":159,"text":"广告","top":137,"viewIdResourceName":"net.csdn.csdnplus:id/advert_name"},{"bottom":188,"childCount":1,"className":"android.widget.FrameLayout","depth":13,"isClickable":false,"left":1171,"nodeId":21,"parentId":17,"right":1352,"top":105},{"bottom":2057,"childCount":1,"className":"android.widget.FrameLayout","depth":13,"isClickable":true,"left":609,"nodeId":22,"parentId":18,"right":830,"top":1836,"viewIdResourceName":"net.csdn.csdnplus:id/vlion_fl_phone_icon"},{"bottom":2724,"childCount":2,"className":"android.widget.FrameLayout","depth":13,"isClickable":false,"left":0,"nodeId":23,"parentId":18,"right":1440,"top":2127},{"bottom":188,"childCount":1,"className":"android.widget.FrameLayout","depth":14,"isClickable":true,"left":1171,"nodeId":24,"parentId":21,"right":1352,"top":105,"viewIdResourceName":"net.csdn.csdnplus:id/vilon_close_miss"},{"bottom":2029,"childCount":0,"className":"android.widget.ImageView","depth":14,"isClickable":false,"left":637,"nodeId":25,"parentId":22,"right":799,"top":1863,"viewIdResourceName":"net.csdn.csdnplus:id/vlion_img_phone_icon"},{"bottom":2724,"childCount":2,"className":"android.widget.LinearLayout","depth":14,"isClickable":false,"left":0,"nodeId":26,"parentId":23,"right":1440,"top":2364},{"bottom":2724,"childCount":0,"className":"android.view.View","depth":14,"isClickable":false,"left":123,"nodeId":27,"parentId":23,"right":1317,"top":2127,"viewIdResourceName":"net.csdn.csdnplus:id/vlion_halfCircleView"},{"bottom":170,"childCount":0,"className":"android.widget.TextView","depth":15,"isClickable":true,"left":1206,"nodeId":28,"parentId":24,"right":1317,"text":"跳过  4","top":123,"viewIdResourceName":"net.csdn.csdnplus:id/vilon_close_text"},{"bottom":2514,"childCount":0,"className":"android.widget.TextView","depth":15,"isClickable":false,"left":0,"nodeId":29,"parentId":26,"right":1440,"text":"扭转手机 或 点击图标","top":2434,"viewIdResourceName":"net.csdn.csdnplus:id/vlion_ad_splash_tips"},{"bottom":2580,"childCount":0,"className":"android.widget.TextView","depth":15,"isClickable":false,"left":0,"nodeId":30,"parentId":26,"right":1440,"text":"跳转详情页或第三方应用","top":2514,"viewIdResourceName":"net.csdn.csdnplus:id/vlion_ad_splash_action"}],"packageName":"net.csdn.csdnplus","screenHeight":3200,"screenWidth":1440}