{"activityName":"com.MobileTicket.ui.dialog.SplashAdDialog","appName":"铁路12306","createTime":1725925411595,"fileId":"b8592c72-1a8a-42ea-8022-2ba15bc83444","nodes":[{"bottom":3200,"childCount":1,"className":"android.widget.FrameLayout","depth":0,"isClickable":false,"left":0,"nodeId":0,"parentId":-1,"right":1440,"top":0},{"bottom":3200,"childCount":1,"className":"android.widget.LinearLayout","depth":1,"isClickable":false,"left":0,"nodeId":1,"parentId":0,"right":1440,"top":0},{"bottom":3200,"childCount":1,"className":"android.widget.FrameLayout","depth":2,"isClickable":false,"left":0,"nodeId":2,"parentId":1,"right":1440,"top":0,"viewIdResourceName":"android:id/content"},{"bottom":3200,"childCount":2,"className":"android.widget.LinearLayout","depth":3,"isClickable":false,"left":0,"nodeId":3,"parentId":2,"right":1440,"top":0,"viewIdResourceName":"com.MobileTicket:id/ll_splash_ad_container"},{"bottom":2652,"childCount":3,"className":"android.widget.FrameLayout","depth":4,"isClickable":false,"left":0,"nodeId":4,"parentId":3,"right":1440,"top":0,"viewIdResourceName":"com.MobileTicket:id/fl_adContent_container"},{"bottom":3200,"childCount":0,"className":"android.widget.ImageView","depth":4,"isClickable":true,"left":0,"nodeId":5,"parentId":3,"right":1440,"top":2652,"viewIdResourceName":"com.MobileTicket:id/img_adLogo"},{"bottom":2652,"childCount":0,"className":"android.widget.ImageView","depth":5,"isClickable":true,"left":0,"nodeId":6,"parentId":4,"right":1440,"top":0,"viewIdResourceName":"com.MobileTicket:id/img_adContent"},{"bottom":455,"childCount":1,"className":"android.widget.FrameLayout","depth":5,"isClickable":true,"left":1020,"nodeId":7,"parentId":4,"right":1440,"top":0,"viewIdResourceName":"com.MobileTicket:id/fl_skip_wrong"},{"bottom":2568,"childCount":2,"className":"android.view.ViewGroup","depth":5,"isClickable":false,"left":209,"nodeId":8,"parentId":4,"right":1231,"top":1833},{"bottom":263,"childCount":0,"className":"android.widget.TextView","depth":6,"isClickable":true,"left":1188,"nodeId":9,"parentId":7,"right":1356,"top":175,"viewIdResourceName":"com.MobileTicket:id/tv_skip"},{"bottom":2253,"childCount":0,"className":"android.widget.ImageView","depth":6,"isClickable":false,"left":622,"nodeId":10,"parentId":8,"right":818,"top":1833,"viewIdResourceName":"com.MobileTicket:id/lottie_scroll_view"},{"bottom":2568,"childCount":3,"className":"android.view.ViewGroup","depth":6,"isClickable":true,"left":209,"nodeId":11,"parentId":8,"right":1231,"top":2323,"viewIdResourceName":"com.MobileTicket:id/cl_button_container"},{"bottom":2568,"childCount":0,"className":"android.widget.ImageView","depth":7,"isClickable":false,"left":209,"nodeId":12,"parentId":11,"right":1231,"top":2323,"viewIdResourceName":"com.MobileTicket:id/lottie_button_view"},{"bottom":2483,"childCount":0,"className":"android.widget.TextView","depth":7,"isClickable":false,"left":412,"nodeId":13,"parentId":11,"right":1028,"text":"上滑或点击跳转至详情页","top":2408,"viewIdResourceName":"com.MobileTicket:id/tv_button_text"},{"bottom":2474,"childCount":0,"className":"android.widget.ImageView","depth":7,"isClickable":false,"left":1042,"nodeId":14,"parentId":11,"right":1070,"top":2418,"viewIdResourceName":"com.MobileTicket:id/iv_right_arrow"}],"packageName":"com.MobileTicket","screenHeight":3200,"screenWidth":1440}