{"activityName":"com.job.android.pages.launcher.LauncherActivity","appName":"前程无忧51Job","createTime":1725878105645,"fileId":"ee283a25-cbbf-43b0-84dd-aaf9ccf24c83","nodes":[{"bottom":3200,"childCount":2,"className":"android.widget.FrameLayout","depth":0,"isClickable":false,"left":0,"nodeId":0,"parentId":-1,"right":1440,"top":0},{"bottom":3144,"childCount":1,"className":"android.widget.LinearLayout","depth":1,"isClickable":false,"left":0,"nodeId":1,"parentId":0,"right":1440,"top":0},{"bottom":3200,"childCount":0,"className":"android.view.View","depth":1,"isClickable":false,"left":0,"nodeId":2,"parentId":0,"right":1440,"top":3144,"viewIdResourceName":"android:id/navigationBarBackground"},{"bottom":3144,"childCount":1,"className":"android.widget.FrameLayout","depth":2,"isClickable":false,"left":0,"nodeId":3,"parentId":1,"right":1440,"top":0},{"bottom":3144,"childCount":1,"className":"android.widget.LinearLayout","depth":3,"isClickable":false,"left":0,"nodeId":4,"parentId":3,"right":1440,"top":0,"viewIdResourceName":"com.job.android:id/action_bar_root"},{"bottom":3144,"childCount":1,"className":"android.widget.FrameLayout","depth":4,"isClickable":false,"left":0,"nodeId":5,"parentId":4,"right":1440,"top":0,"viewIdResourceName":"android:id/content"},{"bottom":3144,"childCount":2,"className":"android.widget.LinearLayout","depth":5,"isClickable":false,"left":0,"nodeId":6,"parentId":5,"right":1440,"top":0},{"bottom":2520,"childCount":3,"className":"android.widget.FrameLayout","depth":6,"isClickable":false,"left":0,"nodeId":7,"parentId":6,"right":1440,"top":0,"viewIdResourceName":"com.job.android:id/launcherAdLayout"},{"bottom":3144,"childCount":1,"className":"android.widget.FrameLayout","depth":6,"isClickable":false,"left":0,"nodeId":8,"parentId":6,"right":1440,"top":2520,"viewIdResourceName":"com.job.android:id/launch_logo_layout"},{"bottom":2520,"childCount":1,"className":"android.widget.FrameLayout","depth":7,"isClickable":false,"left":0,"nodeId":9,"parentId":7,"right":1440,"top":0,"viewIdResourceName":"com.job.android:id/adContainer"},{"bottom":245,"childCount":0,"className":"android.view.View","depth":7,"isClickable":true,"left":1265,"nodeId":10,"parentId":7,"right":1370,"top":140,"viewIdResourceName":"com.job.android:id/skipBtn"},{"bottom":2170,"childCount":0,"className":"android.widget.TextView","depth":7,"isClickable":true,"left":366,"nodeId":11,"parentId":7,"right":1073,"text":"点击前往详情页","top":2002},{"bottom":2986,"childCount":0,"className":"android.widget.ImageView","depth":7,"isClickable":false,"left":314,"nodeId":12,"parentId":8,"right":1126,"top":2678},{"bottom":2520,"childCount":0,"className":"android.widget.ImageView","depth":8,"isClickable":false,"left":0,"nodeId":13,"parentId":9,"right":1440,"top":0}],"packageName":"com.job.android","screenHeight":3200,"screenWidth":1440}