{"activityName":"com.pptv.rrtvtrunk.main.presentation.MainActivity","appName":"人人视频","createTime":1744702408101,"deviceName":"Xiaomi 23013RK75C","fileId":"0f84d874-ada4-4b90-9829-a99f43950071","nodes":[{"bottom":3144,"childCount":1,"className":"android.widget.FrameLayout","depth":0,"isClickable":false,"left":0,"nodeId":0,"parentId":-1,"right":1440,"top":120},{"bottom":3144,"childCount":1,"className":"android.widget.FrameLayout","depth":1,"isClickable":false,"left":0,"nodeId":1,"parentId":0,"right":1440,"top":120},{"bottom":3144,"childCount":1,"className":"android.widget.FrameLayout","depth":2,"isClickable":false,"left":0,"nodeId":2,"parentId":1,"right":1440,"top":120,"viewIdResourceName":"android:id/content"},{"bottom":3144,"childCount":2,"className":"android.widget.RelativeLayout","depth":3,"isClickable":true,"left":0,"nodeId":3,"parentId":2,"right":1440,"top":120,"viewIdResourceName":"com.example.pptv:id/rl_parent"},{"bottom":2332,"childCount":0,"className":"android.widget.ImageView","depth":4,"isClickable":true,"left":195,"nodeId":4,"parentId":3,"right":1245,"top":932,"viewIdResourceName":"com.example.pptv:id/iv_img"},{"bottom":955,"childCount":0,"className":"android.widget.ImageView","depth":4,"isClickable":false,"left":1222,"nodeId":5,"parentId":3,"right":1315,"top":862,"viewIdResourceName":"com.example.pptv:id/iv_close"}],"packageName":"com.example.pptv","screenHeight":3200,"screenWidth":1440}