{"activityName":"net.csdn.csdnplus.activity.SplashActivity","appName":"CSDN","createTime":1725896035023,"fileId":"e2c456c9-2db5-4ff9-9f79-f42acf557358","nodes":[{"bottom":3200,"childCount":2,"className":"android.widget.FrameLayout","depth":0,"isClickable":false,"left":0,"nodeId":0,"parentId":-1,"right":1440,"top":0},{"bottom":3144,"childCount":1,"className":"android.widget.LinearLayout","depth":1,"isClickable":false,"left":0,"nodeId":1,"parentId":0,"right":1440,"top":0},{"bottom":3200,"childCount":0,"className":"android.view.View","depth":1,"isClickable":false,"left":0,"nodeId":2,"parentId":0,"right":1440,"top":3144,"viewIdResourceName":"android:id/navigationBarBackground"},{"bottom":3144,"childCount":1,"className":"android.widget.FrameLayout","depth":2,"isClickable":false,"left":0,"nodeId":3,"parentId":1,"right":1440,"top":0},{"bottom":3144,"childCount":1,"className":"android.widget.LinearLayout","depth":3,"isClickable":false,"left":0,"nodeId":4,"parentId":3,"right":1440,"top":0,"viewIdResourceName":"net.csdn.csdnplus:id/action_bar_root"},{"bottom":3144,"childCount":1,"className":"android.widget.FrameLayout","depth":4,"isClickable":false,"left":0,"nodeId":5,"parentId":4,"right":1440,"top":0,"viewIdResourceName":"android:id/content"},{"bottom":3144,"childCount":2,"className":"android.widget.RelativeLayout","depth":5,"isClickable":false,"left":0,"nodeId":6,"parentId":5,"right":1440,"top":0},{"bottom":2724,"childCount":0,"className":"android.widget.ImageView","depth":6,"isClickable":false,"left":0,"nodeId":7,"parentId":6,"right":1440,"top":0,"viewIdResourceName":"net.csdn.csdnplus:id/iv_adv"},{"bottom":2724,"childCount":1,"className":"android.widget.FrameLayout","depth":6,"isClickable":false,"left":0,"nodeId":8,"parentId":6,"right":1440,"top":0,"viewIdResourceName":"net.csdn.csdnplus:id/fl_third_ad"},{"bottom":2724,"childCount":2,"className":"android.widget.FrameLayout","depth":7,"isClickable":false,"left":0,"nodeId":9,"parentId":8,"right":1440,"top":0},{"bottom":0,"childCount":0,"className":"android.widget.FrameLayout","depth":8,"isClickable":false,"left":0,"nodeId":10,"parentId":9,"right":0,"top":0},{"bottom":2724,"childCount":3,"className":"android.widget.FrameLayout","depth":8,"isClickable":false,"left":0,"nodeId":11,"parentId":9,"right":1440,"top":0},{"bottom":2724,"childCount":1,"className":"android.widget.FrameLayout","depth":9,"isClickable":false,"left":0,"nodeId":12,"parentId":11,"right":1440,"top":0},{"bottom":316,"childCount":0,"className":"android.view.View","depth":9,"isClickable":true,"left":1244,"nodeId":13,"parentId":11,"right":1384,"top":176},{"bottom":2584,"childCount":0,"className":"android.widget.TextView","depth":9,"isClickable":true,"left":70,"nodeId":14,"parentId":11,"right":182,"top":2535},{"bottom":2724,"childCount":1,"className":"android.widget.FrameLayout","depth":10,"isClickable":false,"left":0,"nodeId":15,"parentId":12,"right":1440,"top":0},{"bottom":2724,"childCount":1,"className":"android.widget.FrameLayout","depth":11,"isClickable":false,"left":0,"nodeId":16,"parentId":15,"right":1440,"top":0},{"bottom":2723,"childCount":2,"className":"android.widget.FrameLayout","depth":12,"isClickable":true,"left":0,"nodeId":17,"parentId":16,"right":1439,"top":0},{"bottom":2723,"childCount":3,"className":"android.widget.FrameLayout","depth":13,"isClickable":false,"left":0,"nodeId":18,"parentId":17,"right":1439,"top":0},{"bottom":2723,"childCount":1,"className":"android.widget.FrameLayout","depth":13,"isClickable":false,"left":0,"nodeId":19,"parentId":17,"right":1439,"top":0},{"bottom":2723,"childCount":0,"className":"android.widget.ImageView","depth":14,"isClickable":true,"left":0,"nodeId":20,"parentId":18,"right":1439,"top":0},{"bottom":81,"childCount":0,"className":"android.widget.FrameLayout","depth":14,"isClickable":true,"left":0,"nodeId":21,"parentId":18,"right":1439,"top":0},{"bottom":1632,"childCount":2,"className":"android.widget.FrameLayout","depth":14,"isClickable":true,"left":53,"nodeId":22,"parentId":18,"right":1387,"top":781},{"bottom":2163,"childCount":1,"className":"android.widget.LinearLayout","depth":14,"isClickable":false,"left":418,"nodeId":23,"parentId":19,"right":1021,"top":1614},{"bottom":1530,"childCount":1,"className":"android.widget.FrameLayout","depth":15,"isClickable":false,"left":53,"nodeId":24,"parentId":22,"right":1387,"top":781},{"bottom":1603,"childCount":1,"className":"android.widget.FrameLayout","depth":15,"isClickable":false,"left":53,"nodeId":25,"parentId":22,"right":1387,"top":1530},{"bottom":2163,"childCount":3,"className":"android.widget.LinearLayout","depth":15,"isClickable":false,"left":418,"nodeId":26,"parentId":23,"right":1021,"top":1614},{"bottom":1530,"childCount":0,"className":"android.widget.ImageView","depth":16,"isClickable":true,"left":53,"nodeId":27,"parentId":24,"right":1387,"top":781},{"bottom":1603,"childCount":0,"className":"android.widget.TextView","depth":16,"isClickable":true,"left":53,"nodeId":28,"parentId":25,"right":1387,"text":"京东好物，极速送达，贴心服务温暖您心！","top":1530},{"bottom":1999,"childCount":1,"className":"android.widget.LinearLayout","depth":16,"isClickable":true,"left":527,"nodeId":29,"parentId":26,"right":912,"top":1614},{"bottom":2097,"childCount":0,"className":"android.widget.TextView","depth":16,"isClickable":false,"left":418,"nodeId":30,"parentId":26,"right":1021,"text":"扭动手机 或 点击图标","top":2013},{"bottom":2163,"childCount":0,"className":"android.widget.TextView","depth":16,"isClickable":false,"left":425,"nodeId":31,"parentId":26,"right":1013,"text":"跳转至详情页或第三方应用","top":2097},{"bottom":1981,"childCount":0,"className":"android.widget.ImageView","depth":17,"isClickable":false,"left":544,"nodeId":32,"parentId":29,"right":894,"top":1631}],"packageName":"net.csdn.csdnplus","screenHeight":3200,"screenWidth":1440}