{"activityName":"com.pptv.rrtvtrunk.main.presentation.MainActivity","appName":"人人视频","createTime":1725700361086,"fileId":"f074f9ba-2fdd-4885-8b16-df8afdcbb46d","nodes":[{"bottom":3200,"childCount":1,"className":"android.widget.FrameLayout","depth":0,"isClickable":false,"left":0,"nodeId":0,"parentId":-1,"right":1440,"top":0},{"bottom":3200,"childCount":1,"className":"android.widget.LinearLayout","depth":1,"isClickable":false,"left":0,"nodeId":1,"parentId":0,"right":1440,"top":0},{"bottom":3200,"childCount":1,"className":"android.widget.FrameLayout","depth":2,"isClickable":false,"left":0,"nodeId":2,"parentId":1,"right":1440,"top":0},{"bottom":3200,"childCount":1,"className":"android.widget.LinearLayout","depth":3,"isClickable":false,"left":0,"nodeId":3,"parentId":2,"right":1440,"top":0,"viewIdResourceName":"com.example.pptv:id/action_bar_root"},{"bottom":3200,"childCount":1,"className":"android.widget.FrameLayout","depth":4,"isClickable":false,"left":0,"nodeId":4,"parentId":3,"right":1440,"top":0,"viewIdResourceName":"android:id/content"},{"bottom":3200,"childCount":3,"className":"android.widget.FrameLayout","depth":5,"isClickable":false,"left":0,"nodeId":5,"parentId":4,"right":1440,"top":0},{"bottom":3200,"childCount":2,"className":"android.widget.LinearLayout","depth":6,"isClickable":false,"left":0,"nodeId":6,"parentId":5,"right":1440,"top":0},{"bottom":3200,"childCount":1,"className":"android.widget.FrameLayout","depth":6,"isClickable":false,"left":0,"nodeId":7,"parentId":5,"right":1440,"top":0,"viewIdResourceName":"com.example.pptv:id/fl_ad"},{"bottom":1687,"childCount":0,"className":"android.widget.ProgressBar","depth":6,"isClickable":false,"left":632,"nodeId":8,"parentId":5,"right":807,"top":1512,"viewIdResourceName":"com.example.pptv:id/pb"},{"bottom":3014,"childCount":1,"className":"android.widget.FrameLayout","depth":7,"isClickable":false,"left":0,"nodeId":9,"parentId":6,"right":1440,"top":0,"viewIdResourceName":"com.example.pptv:id/fl_content"},{"bottom":3200,"childCount":1,"className":"android.widget.FrameLayout","depth":7,"isClickable":false,"left":0,"nodeId":10,"parentId":6,"right":1440,"top":3014,"viewIdResourceName":"com.example.pptv:id/fl_bottom_bar"},{"bottom":3200,"childCount":1,"className":"android.widget.FrameLayout","depth":7,"isClickable":false,"left":0,"nodeId":11,"parentId":7,"right":1440,"top":0,"viewIdResourceName":"com.example.pptv:id/fl_parent"},{"bottom":3014,"childCount":4,"className":"android.widget.RelativeLayout","depth":8,"isClickable":false,"left":0,"nodeId":12,"parentId":9,"right":1440,"top":0},{"bottom":3200,"childCount":4,"className":"com.pptv.ui.navigation.NavigationBar","depth":8,"isClickable":false,"left":0,"nodeId":13,"parentId":10,"right":1440,"top":3014,"viewIdResourceName":"com.example.pptv:id/navigationBar"},{"bottom":3200,"childCount":1,"className":"android.widget.FrameLayout","depth":8,"isClickable":false,"left":0,"nodeId":14,"parentId":11,"right":1440,"top":0,"viewIdResourceName":"com.example.pptv:id/fl_ads"},{"bottom":978,"childCount":1,"className":"android.widget.FrameLayout","depth":9,"isClickable":false,"left":0,"nodeId":15,"parentId":12,"right":1440,"top":0,"viewIdResourceName":"com.example.pptv:id/fl_bg"},{"bottom":278,"childCount":3,"className":"android.widget.LinearLayout","depth":9,"isClickable":false,"left":0,"nodeId":16,"parentId":12,"right":1440,"top":0,"viewIdResourceName":"com.example.pptv:id/ll_top"},{"bottom":453,"childCount":0,"className":"android.widget.FrameLayout","depth":9,"isClickable":false,"left":0,"nodeId":17,"parentId":12,"right":1440,"top":294,"viewIdResourceName":"com.example.pptv:id/cpi_tab_title"},{"bottom":3014,"childCount":0,"className":"androidx.viewpager.widget.ViewPager","depth":9,"isClickable":false,"left":0,"nodeId":18,"parentId":12,"right":1440,"top":453,"viewIdResourceName":"com.example.pptv:id/vp_home"},{"bottom":3200,"childCount":1,"className":"android.widget.FrameLayout","depth":9,"isClickable":true,"left":0,"nodeId":19,"parentId":13,"right":360,"top":3014,"viewIdResourceName":"com.example.pptv:id/item_first"},{"bottom":3200,"childCount":1,"className":"android.widget.FrameLayout","depth":9,"isClickable":true,"left":360,"nodeId":20,"parentId":13,"right":720,"top":3014,"viewIdResourceName":"com.example.pptv:id/item_second"},{"bottom":3200,"childCount":1,"className":"android.widget.FrameLayout","depth":9,"isClickable":true,"left":720,"nodeId":21,"parentId":13,"right":1080,"top":3014,"viewIdResourceName":"com.example.pptv:id/item_third"},{"bottom":3200,"childCount":1,"className":"android.widget.FrameLayout","depth":9,"isClickable":true,"left":1080,"nodeId":22,"parentId":13,"right":1440,"top":3014,"viewIdResourceName":"com.example.pptv:id/item_fifth"},{"bottom":3200,"childCount":2,"className":"android.widget.RelativeLayout","depth":9,"isClickable":false,"left":0,"nodeId":23,"parentId":14,"right":1440,"top":0},{"bottom":978,"childCount":0,"className":"android.widget.ImageView","depth":10,"isClickable":false,"left":0,"nodeId":24,"parentId":15,"right":1440,"top":0,"viewIdResourceName":"com.example.pptv:id/iv_top_bg"},{"bottom":278,"childCount":2,"className":"android.widget.RelativeLayout","depth":10,"isClickable":true,"left":56,"nodeId":25,"parentId":16,"right":1088,"top":152,"viewIdResourceName":"com.example.pptv:id/rl_search"},{"bottom":253,"childCount":0,"className":"android.widget.ImageView","depth":10,"isClickable":true,"left":1123,"nodeId":26,"parentId":16,"right":1270,"top":176,"viewIdResourceName":"com.example.pptv:id/iv_download"},{"bottom":254,"childCount":0,"className":"android.widget.ImageView","depth":10,"isClickable":true,"left":1270,"nodeId":27,"parentId":16,"right":1384,"top":175,"viewIdResourceName":"com.example.pptv:id/iv_history"},{"bottom":3200,"childCount":2,"className":"android.widget.RelativeLayout","depth":10,"isClickable":false,"left":87,"nodeId":28,"parentId":19,"right":273,"top":3014,"viewIdResourceName":"com.example.pptv:id/fl_container"},{"bottom":3200,"childCount":2,"className":"android.widget.RelativeLayout","depth":10,"isClickable":false,"left":447,"nodeId":29,"parentId":20,"right":633,"top":3014,"viewIdResourceName":"com.example.pptv:id/fl_container"},{"bottom":3200,"childCount":2,"className":"android.widget.RelativeLayout","depth":10,"isClickable":false,"left":807,"nodeId":30,"parentId":21,"right":993,"top":3014,"viewIdResourceName":"com.example.pptv:id/fl_container"},{"bottom":3200,"childCount":2,"className":"android.widget.RelativeLayout","depth":10,"isClickable":false,"left":1167,"nodeId":31,"parentId":22,"right":1353,"top":3014,"viewIdResourceName":"com.example.pptv:id/fl_container"},{"bottom":3200,"childCount":1,"className":"android.widget.FrameLayout","depth":10,"isClickable":false,"left":0,"nodeId":32,"parentId":23,"right":1440,"top":0,"viewIdResourceName":"com.example.pptv:id/splash_container"},{"bottom":3200,"childCount":1,"className":"android.widget.FrameLayout","depth":10,"isClickable":false,"left":0,"nodeId":33,"parentId":23,"right":1440,"top":2953,"viewIdResourceName":"com.example.pptv:id/iv_logo"},{"bottom":250,"childCount":0,"className":"android.widget.ImageView","depth":11,"isClickable":false,"left":112,"nodeId":34,"parentId":25,"right":182,"top":180,"viewIdResourceName":"com.example.pptv:id/iv_search"},{"bottom":278,"childCount":0,"className":"android.widget.TextView","depth":11,"isClickable":false,"left":224,"nodeId":35,"parentId":25,"right":616,"text":"搜索您想看的内容","top":152,"viewIdResourceName":"com.example.pptv:id/tv_search"},{"bottom":3151,"childCount":0,"className":"android.widget.ImageView","depth":11,"isClickable":false,"left":111,"nodeId":36,"parentId":28,"right":248,"top":3014,"viewIdResourceName":"com.example.pptv:id/iv_icon"},{"bottom":3180,"childCount":0,"className":"android.widget.TextView","depth":11,"isClickable":false,"left":145,"nodeId":37,"parentId":28,"right":215,"text":"首页","top":3133,"viewIdResourceName":"com.example.pptv:id/tv_icon"},{"bottom":3151,"childCount":0,"className":"android.widget.ImageView","depth":11,"isClickable":false,"left":471,"nodeId":38,"parentId":29,"right":608,"top":3014,"viewIdResourceName":"com.example.pptv:id/iv_icon"},{"bottom":3180,"childCount":0,"className":"android.widget.TextView","depth":11,"isClickable":false,"left":505,"nodeId":39,"parentId":29,"right":575,"text":"新片","top":3133,"viewIdResourceName":"com.example.pptv:id/tv_icon"},{"bottom":3151,"childCount":0,"className":"android.widget.ImageView","depth":11,"isClickable":false,"left":831,"nodeId":40,"parentId":30,"right":968,"top":3014,"viewIdResourceName":"com.example.pptv:id/iv_icon"},{"bottom":3180,"childCount":0,"className":"android.widget.TextView","depth":11,"isClickable":false,"left":865,"nodeId":41,"parentId":30,"right":935,"text":"视频","top":3133,"viewIdResourceName":"com.example.pptv:id/tv_icon"},{"bottom":3151,"childCount":0,"className":"android.widget.ImageView","depth":11,"isClickable":false,"left":1191,"nodeId":42,"parentId":31,"right":1328,"top":3014,"viewIdResourceName":"com.example.pptv:id/iv_icon"},{"bottom":3180,"childCount":0,"className":"android.widget.TextView","depth":11,"isClickable":false,"left":1225,"nodeId":43,"parentId":31,"right":1295,"text":"我的","top":3133,"viewIdResourceName":"com.example.pptv:id/tv_icon"},{"bottom":3200,"childCount":2,"className":"android.widget.RelativeLayout","depth":11,"isClickable":false,"left":0,"nodeId":44,"parentId":32,"right":1440,"top":0},{"bottom":3107,"childCount":0,"className":"android.widget.ImageView","depth":11,"isClickable":false,"left":0,"nodeId":45,"parentId":33,"right":1440,"top":2953},{"bottom":3200,"childCount":10,"className":"android.widget.RelativeLayout","depth":12,"isClickable":false,"left":0,"nodeId":46,"parentId":44,"right":1440,"top":0,"viewIdResourceName":"com.example.pptv:id/rl_adapter_parent"},{"bottom":212,"childCount":0,"className":"android.widget.TextView","depth":12,"isClickable":true,"left":1079,"nodeId":47,"parentId":44,"right":1387,"text":"4s | 跳过","top":123},{"bottom":3200,"childCount":0,"className":"android.widget.ImageView","depth":13,"isClickable":false,"left":0,"nodeId":48,"parentId":46,"right":1440,"top":0,"viewIdResourceName":"com.example.pptv:id/iv_adapter_bg"},{"bottom":3200,"childCount":0,"className":"android.view.View","depth":13,"isClickable":false,"left":0,"nodeId":49,"parentId":46,"right":1440,"top":0,"viewIdResourceName":"com.example.pptv:id/iv_adapter_trans_bg"},{"bottom":3200,"childCount":0,"className":"android.widget.FrameLayout","depth":13,"isClickable":false,"left":0,"nodeId":50,"parentId":46,"right":1440,"top":0,"viewIdResourceName":"com.example.pptv:id/fl_native_video"},{"bottom":520,"childCount":1,"className":"android.widget.LinearLayout","depth":13,"isClickable":false,"left":35,"nodeId":51,"parentId":46,"right":1405,"top":0,"viewIdResourceName":"com.example.pptv:id/ll_adapter_head_ctx"},{"bottom":2680,"childCount":1,"className":"android.widget.RelativeLayout","depth":13,"isClickable":false,"left":0,"nodeId":52,"parentId":46,"right":1440,"top":520,"viewIdResourceName":"com.example.pptv:id/rel_adapter_material_container"},{"bottom":2920,"childCount":2,"className":"android.widget.LinearLayout","depth":13,"isClickable":true,"left":123,"nodeId":53,"parentId":46,"right":1317,"top":2717},{"bottom":2745,"childCount":1,"className":"android.widget.LinearLayout","depth":13,"isClickable":false,"left":412,"nodeId":54,"parentId":46,"right":1028,"top":2129},{"bottom":3123,"childCount":2,"className":"android.widget.LinearLayout","depth":13,"isClickable":false,"left":1276,"nodeId":55,"parentId":46,"right":1398,"top":3073,"viewIdResourceName":"com.example.pptv:id/mery_common_ext_dp_desc"},{"bottom":3123,"childCount":0,"className":"android.widget.RelativeLayout","depth":13,"isClickable":false,"left":0,"nodeId":56,"parentId":46,"right":0,"top":3123,"viewIdResourceName":"com.example.pptv:id/rel_adapter_d_six"},{"bottom":3200,"childCount":1,"className":"android.widget.LinearLayout","depth":13,"isClickable":false,"left":35,"nodeId":57,"parentId":46,"right":1405,"top":2680,"viewIdResourceName":"com.example.pptv:id/ll_adapter_bottom_ctx"},{"bottom":443,"childCount":0,"className":"android.widget.TextView","depth":14,"isClickable":false,"left":720,"nodeId":58,"parentId":51,"right":720,"top":345,"viewIdResourceName":"com.example.pptv:id/tv_adapter_title"},{"bottom":2680,"childCount":0,"className":"android.widget.ImageView","depth":14,"isClickable":false,"left":0,"nodeId":59,"parentId":52,"right":1440,"top":520,"viewIdResourceName":"com.example.pptv:id/iv_adapter_img"},{"bottom":2832,"childCount":0,"className":"android.widget.TextView","depth":14,"isClickable":false,"left":436,"nodeId":60,"parentId":53,"right":1003,"text":"摇动手机或点击按钮","top":2748},{"bottom":2888,"childCount":0,"className":"android.widget.TextView","depth":14,"isClickable":false,"left":489,"nodeId":61,"parentId":53,"right":951,"text":"跳转至三方应用或详情页","top":2832},{"bottom":2605,"childCount":1,"className":"android.widget.LinearLayout","depth":14,"isClickable":true,"left":552,"nodeId":62,"parentId":54,"right":888,"top":2269},{"bottom":3114,"childCount":0,"className":"android.widget.ImageView","depth":14,"isClickable":false,"left":1288,"nodeId":63,"parentId":55,"right":1320,"top":3082},{"bottom":3117,"childCount":0,"className":"android.widget.TextView","depth":14,"isClickable":false,"left":1330,"nodeId":64,"parentId":55,"right":1386,"text":"广告","top":3079},{"bottom":2851,"childCount":0,"className":"android.widget.TextView","depth":14,"isClickable":false,"left":720,"nodeId":65,"parentId":57,"right":720,"top":2757,"viewIdResourceName":"com.example.pptv:id/tv_adapter_detail"},{"bottom":2557,"childCount":0,"className":"android.widget.ImageView","depth":15,"isClickable":false,"left":600,"nodeId":66,"parentId":62,"right":840,"top":2317}],"packageName":"com.example.pptv","screenHeight":3200,"screenWidth":1440}