{"activityName":"com.jingdong.app.reader.logo.JdLogoActivity","appName":"京东读书","createTime":1725878064366,"fileId":"7ba85f98-5b07-4947-95e0-dca6431b1fc6","nodes":[{"bottom":3200,"childCount":1,"className":"android.widget.FrameLayout","depth":0,"isClickable":false,"left":0,"nodeId":0,"parentId":-1,"right":1440,"top":0},{"bottom":3200,"childCount":1,"className":"android.widget.LinearLayout","depth":1,"isClickable":false,"left":0,"nodeId":1,"parentId":0,"right":1440,"top":0},{"bottom":3200,"childCount":1,"className":"android.widget.FrameLayout","depth":2,"isClickable":false,"left":0,"nodeId":2,"parentId":1,"right":1440,"top":0},{"bottom":3200,"childCount":1,"className":"android.widget.LinearLayout","depth":3,"isClickable":false,"left":0,"nodeId":3,"parentId":2,"right":1440,"top":0,"viewIdResourceName":"com.jd.app.reader:id/action_bar_root"},{"bottom":3200,"childCount":1,"className":"android.widget.FrameLayout","depth":4,"isClickable":false,"left":0,"nodeId":4,"parentId":3,"right":1440,"top":0,"viewIdResourceName":"android:id/content"},{"bottom":3200,"childCount":3,"className":"android.widget.RelativeLayout","depth":5,"isClickable":false,"left":0,"nodeId":5,"parentId":4,"right":1440,"top":0,"viewIdResourceName":"com.jd.app.reader:id/logo_root_layout"},{"bottom":3200,"childCount":0,"className":"android.view.View","depth":6,"isClickable":false,"left":0,"nodeId":6,"parentId":5,"right":1440,"top":0,"viewIdResourceName":"com.jd.app.reader:id/logo_root_bg_view"},{"bottom":3200,"childCount":3,"className":"android.widget.RelativeLayout","depth":6,"isClickable":false,"left":0,"nodeId":7,"parentId":5,"right":1440,"top":0,"viewIdResourceName":"com.jd.app.reader:id/logo_read_layout"},{"bottom":3200,"childCount":1,"className":"android.widget.LinearLayout","depth":6,"isClickable":false,"left":0,"nodeId":8,"parentId":5,"right":1440,"top":2857,"viewIdResourceName":"com.jd.app.reader:id/bottom_layout"},{"bottom":3200,"childCount":0,"className":"android.widget.ImageView","depth":7,"isClickable":true,"left":0,"nodeId":9,"parentId":7,"right":1440,"top":0,"viewIdResourceName":"com.jd.app.reader:id/mAdvertisementImg"},{"bottom":190,"childCount":1,"className":"android.widget.RelativeLayout","depth":7,"isClickable":true,"left":1177,"nodeId":10,"parentId":7,"right":1370,"top":88,"viewIdResourceName":"com.jd.app.reader:id/mJumpBtn"},{"bottom":2787,"childCount":2,"className":"android.widget.LinearLayout","depth":7,"isClickable":true,"left":335,"nodeId":11,"parentId":7,"right":1105,"top":2612,"viewIdResourceName":"com.jd.app.reader:id/logo_jump_detail"},{"bottom":3200,"childCount":0,"className":"android.widget.ImageView","depth":7,"isClickable":false,"left":63,"nodeId":12,"parentId":8,"right":1376,"top":2857,"viewIdResourceName":"com.jd.app.reader:id/logo_bottom_img"},{"bottom":165,"childCount":0,"className":"android.widget.TextView","depth":8,"isClickable":false,"left":1216,"nodeId":13,"parentId":10,"right":1338,"text":"跳过 1s","top":113,"viewIdResourceName":"com.jd.app.reader:id/count_down_time"},{"bottom":2739,"childCount":0,"className":"android.widget.TextView","depth":8,"isClickable":false,"left":482,"nodeId":14,"parentId":11,"right":902,"text":"点击跳转详情页","top":2659,"viewIdResourceName":"com.jd.app.reader:id/logo_jump_detail_text"},{"bottom":2720,"childCount":0,"className":"android.widget.ImageView","depth":8,"isClickable":false,"left":920,"nodeId":15,"parentId":11,"right":962,"top":2678}],"packageName":"com.jd.app.reader","screenHeight":3200,"screenWidth":1440}