{"activityName":"com.android.skip.ui.inspect.InspectActivity","appName":"SKIP","createTime":1727231846967,"deviceName":"Xiaomi 23013RK75C","fileId":"5f686585-c5d0-4057-93b2-c54832ffb393","nodes":[{"bottom":3200,"childCount":3,"className":"android.widget.FrameLayout","depth":0,"isClickable":false,"left":0,"nodeId":0,"parentId":-1,"right":1440,"top":0},{"bottom":3144,"childCount":1,"className":"android.widget.LinearLayout","depth":1,"isClickable":false,"left":0,"nodeId":1,"parentId":0,"right":1440,"top":0},{"bottom":120,"childCount":0,"className":"android.view.View","depth":1,"isClickable":false,"left":0,"nodeId":2,"parentId":0,"right":1440,"top":0,"viewIdResourceName":"android:id/statusBarBackground"},{"bottom":3200,"childCount":0,"className":"android.view.View","depth":1,"isClickable":false,"left":0,"nodeId":3,"parentId":0,"right":1440,"top":3144,"viewIdResourceName":"android:id/navigationBarBackground"},{"bottom":3144,"childCount":1,"className":"android.widget.FrameLayout","depth":2,"isClickable":false,"left":0,"nodeId":4,"parentId":1,"right":1440,"top":120},{"bottom":3144,"childCount":1,"className":"android.widget.LinearLayout","depth":3,"isClickable":false,"left":0,"nodeId":5,"parentId":4,"right":1440,"top":120,"viewIdResourceName":"com.android.skip:id/action_bar_root"},{"bottom":3144,"childCount":1,"className":"android.widget.FrameLayout","depth":4,"isClickable":false,"left":0,"nodeId":6,"parentId":5,"right":1440,"top":120,"viewIdResourceName":"android:id/content"},{"bottom":3144,"childCount":1,"className":"androidx.compose.ui.platform.ComposeView","depth":5,"isClickable":false,"left":0,"nodeId":7,"parentId":6,"right":1440,"top":120},{"bottom":3144,"childCount":1,"className":"android.view.View","depth":6,"isClickable":false,"left":0,"nodeId":8,"parentId":7,"right":1440,"top":120},{"bottom":3144,"childCount":5,"className":"android.view.View","depth":7,"isClickable":false,"left":0,"nodeId":9,"parentId":8,"right":1440,"top":120},{"bottom":604,"childCount":4,"className":"android.view.View","depth":8,"isClickable":true,"left":53,"nodeId":10,"parentId":9,"right":1387,"top":394},{"bottom":849,"childCount":3,"className":"android.view.View","depth":8,"isClickable":true,"left":53,"nodeId":11,"parentId":9,"right":1387,"top":639},{"bottom":341,"childCount":0,"className":"android.widget.Button","depth":8,"isClickable":true,"left":53,"nodeId":12,"parentId":9,"right":221,"top":173},{"bottom":313,"childCount":0,"className":"android.widget.TextView","depth":8,"isClickable":false,"left":221,"nodeId":13,"parentId":9,"right":565,"text":"布局检查","top":201},{"bottom":341,"childCount":0,"className":"android.widget.Button","depth":8,"isClickable":true,"left":1219,"nodeId":14,"parentId":9,"right":1387,"top":173},{"bottom":501,"childCount":0,"className":"android.widget.TextView","depth":9,"isClickable":false,"left":263,"nodeId":15,"parentId":10,"right":715,"text":"是否启用布局检查","top":427},{"bottom":571,"childCount":0,"className":"android.widget.TextView","depth":9,"isClickable":false,"left":263,"nodeId":16,"parentId":10,"right":857,"text":"启用布局检查记录屏幕节点信息","top":501},{"bottom":566,"childCount":0,"className":"android.view.View","depth":9,"isClickable":true,"left":1156,"nodeId":17,"parentId":10,"right":1299,"top":432},{"bottom":604,"childCount":0,"className":"android.widget.Button","depth":9,"isClickable":false,"left":53,"nodeId":18,"parentId":10,"right":1387,"top":394},{"bottom":746,"childCount":0,"className":"android.widget.TextView","depth":9,"isClickable":false,"left":263,"nodeId":19,"parentId":11,"right":603,"text":"布局检查记录","top":672},{"bottom":816,"childCount":0,"className":"android.widget.TextView","depth":9,"isClickable":false,"left":263,"nodeId":20,"parentId":11,"right":613,"text":"当前存在 0 条记录","top":746},{"bottom":849,"childCount":0,"className":"android.widget.Button","depth":9,"isClickable":false,"left":53,"nodeId":21,"parentId":11,"right":1387,"top":639}],"packageName":"com.android.skip","screenHeight":3200,"screenWidth":1440}