{"activityName":"com.psbc.citizencard.ui.optimize.StartPageActivity4","appName":"鹿路通","createTime":1725700475930,"fileId":"bb3de897-19d4-4c6d-ac7a-e11130420b4a","nodes":[{"bottom":3200,"childCount":2,"className":"android.widget.FrameLayout","depth":0,"isClickable":false,"left":0,"nodeId":0,"parentId":-1,"right":1440,"top":120},{"bottom":3144,"childCount":1,"className":"android.widget.LinearLayout","depth":1,"isClickable":false,"left":0,"nodeId":1,"parentId":0,"right":1440,"top":120},{"bottom":3200,"childCount":0,"className":"android.view.View","depth":1,"isClickable":false,"left":0,"nodeId":2,"parentId":0,"right":1440,"top":3144,"viewIdResourceName":"android:id/navigationBarBackground"},{"bottom":3144,"childCount":1,"className":"android.widget.FrameLayout","depth":2,"isClickable":false,"left":0,"nodeId":3,"parentId":1,"right":1440,"top":120},{"bottom":3144,"childCount":1,"className":"android.widget.LinearLayout","depth":3,"isClickable":false,"left":0,"nodeId":4,"parentId":3,"right":1440,"top":120,"viewIdResourceName":"com.psbc.citizencard:id/action_bar_root"},{"bottom":3144,"childCount":1,"className":"android.widget.FrameLayout","depth":4,"isClickable":false,"left":0,"nodeId":5,"parentId":4,"right":1440,"top":120,"viewIdResourceName":"android:id/content"},{"bottom":3144,"childCount":2,"className":"android.widget.RelativeLayout","depth":5,"isClickable":false,"left":0,"nodeId":6,"parentId":5,"right":1440,"top":120,"viewIdResourceName":"com.psbc.citizencard:id/layStartRoll"},{"bottom":3144,"childCount":0,"className":"android.widget.ImageView","depth":6,"isClickable":false,"left":0,"nodeId":7,"parentId":6,"right":1440,"top":120,"viewIdResourceName":"com.psbc.citizencard:id/imageStartPage"},{"bottom":2907,"childCount":0,"className":"android.widget.Button","depth":6,"isClickable":true,"left":998,"nodeId":8,"parentId":6,"right":1286,"text":"跳过 3","top":2749,"viewIdResourceName":"com.psbc.citizencard:id/btnJump"}],"packageName":"com.psbc.citizencard","screenHeight":3200,"screenWidth":1440}