{"activityName":"com.pptv.rrtvtrunk.main.presentation.MainActivity","appName":"人人视频","createTime":1725859162283,"fileId":"84603cb6-3647-42aa-a0f9-e013a3c1e74c","nodes":[{"bottom":3200,"childCount":1,"className":"android.widget.FrameLayout","depth":0,"isClickable":false,"left":0,"nodeId":0,"parentId":-1,"right":1440,"top":0},{"bottom":3200,"childCount":1,"className":"android.widget.LinearLayout","depth":1,"isClickable":false,"left":0,"nodeId":1,"parentId":0,"right":1440,"top":0},{"bottom":3200,"childCount":1,"className":"android.widget.FrameLayout","depth":2,"isClickable":false,"left":0,"nodeId":2,"parentId":1,"right":1440,"top":0},{"bottom":3200,"childCount":1,"className":"android.widget.LinearLayout","depth":3,"isClickable":false,"left":0,"nodeId":3,"parentId":2,"right":1440,"top":0,"viewIdResourceName":"com.example.pptv:id/action_bar_root"},{"bottom":3200,"childCount":1,"className":"android.widget.FrameLayout","depth":4,"isClickable":false,"left":0,"nodeId":4,"parentId":3,"right":1440,"top":0,"viewIdResourceName":"android:id/content"},{"bottom":3200,"childCount":3,"className":"android.widget.FrameLayout","depth":5,"isClickable":false,"left":0,"nodeId":5,"parentId":4,"right":1440,"top":0},{"bottom":3200,"childCount":2,"className":"android.widget.LinearLayout","depth":6,"isClickable":false,"left":0,"nodeId":6,"parentId":5,"right":1440,"top":0},{"bottom":3200,"childCount":1,"className":"android.widget.FrameLayout","depth":6,"isClickable":false,"left":0,"nodeId":7,"parentId":5,"right":1440,"top":0,"viewIdResourceName":"com.example.pptv:id/fl_ad"},{"bottom":1687,"childCount":0,"className":"android.widget.ProgressBar","depth":6,"isClickable":false,"left":632,"nodeId":8,"parentId":5,"right":807,"top":1512,"viewIdResourceName":"com.example.pptv:id/pb"},{"bottom":3014,"childCount":1,"className":"android.widget.FrameLayout","depth":7,"isClickable":false,"left":0,"nodeId":9,"parentId":6,"right":1440,"top":0,"viewIdResourceName":"com.example.pptv:id/fl_content"},{"bottom":3200,"childCount":1,"className":"android.widget.FrameLayout","depth":7,"isClickable":false,"left":0,"nodeId":10,"parentId":6,"right":1440,"top":3014,"viewIdResourceName":"com.example.pptv:id/fl_bottom_bar"},{"bottom":3200,"childCount":1,"className":"android.widget.FrameLayout","depth":7,"isClickable":false,"left":0,"nodeId":11,"parentId":7,"right":1440,"top":0,"viewIdResourceName":"com.example.pptv:id/fl_parent"},{"bottom":3014,"childCount":4,"className":"android.widget.RelativeLayout","depth":8,"isClickable":false,"left":0,"nodeId":12,"parentId":9,"right":1440,"top":0},{"bottom":3200,"childCount":4,"className":"com.pptv.ui.navigation.NavigationBar","depth":8,"isClickable":false,"left":0,"nodeId":13,"parentId":10,"right":1440,"top":3014,"viewIdResourceName":"com.example.pptv:id/navigationBar"},{"bottom":3200,"childCount":1,"className":"android.widget.FrameLayout","depth":8,"isClickable":false,"left":0,"nodeId":14,"parentId":11,"right":1440,"top":0,"viewIdResourceName":"com.example.pptv:id/fl_ads"},{"bottom":978,"childCount":1,"className":"android.widget.FrameLayout","depth":9,"isClickable":false,"left":0,"nodeId":15,"parentId":12,"right":1440,"top":0,"viewIdResourceName":"com.example.pptv:id/fl_bg"},{"bottom":278,"childCount":3,"className":"android.widget.LinearLayout","depth":9,"isClickable":false,"left":0,"nodeId":16,"parentId":12,"right":1440,"top":0,"viewIdResourceName":"com.example.pptv:id/ll_top"},{"bottom":453,"childCount":0,"className":"android.widget.FrameLayout","depth":9,"isClickable":false,"left":0,"nodeId":17,"parentId":12,"right":1440,"top":294,"viewIdResourceName":"com.example.pptv:id/cpi_tab_title"},{"bottom":3014,"childCount":0,"className":"androidx.viewpager.widget.ViewPager","depth":9,"isClickable":false,"left":0,"nodeId":18,"parentId":12,"right":1440,"top":453,"viewIdResourceName":"com.example.pptv:id/vp_home"},{"bottom":3200,"childCount":1,"className":"android.widget.FrameLayout","depth":9,"isClickable":true,"left":0,"nodeId":19,"parentId":13,"right":360,"top":3014,"viewIdResourceName":"com.example.pptv:id/item_first"},{"bottom":3200,"childCount":1,"className":"android.widget.FrameLayout","depth":9,"isClickable":true,"left":360,"nodeId":20,"parentId":13,"right":720,"top":3014,"viewIdResourceName":"com.example.pptv:id/item_second"},{"bottom":3200,"childCount":1,"className":"android.widget.FrameLayout","depth":9,"isClickable":true,"left":720,"nodeId":21,"parentId":13,"right":1080,"top":3014,"viewIdResourceName":"com.example.pptv:id/item_third"},{"bottom":3200,"childCount":1,"className":"android.widget.FrameLayout","depth":9,"isClickable":true,"left":1080,"nodeId":22,"parentId":13,"right":1440,"top":3014,"viewIdResourceName":"com.example.pptv:id/item_fifth"},{"bottom":3200,"childCount":2,"className":"android.widget.RelativeLayout","depth":9,"isClickable":false,"left":0,"nodeId":23,"parentId":14,"right":1440,"top":0},{"bottom":978,"childCount":0,"className":"android.widget.ImageView","depth":10,"isClickable":false,"left":0,"nodeId":24,"parentId":15,"right":1440,"top":0,"viewIdResourceName":"com.example.pptv:id/iv_top_bg"},{"bottom":278,"childCount":2,"className":"android.widget.RelativeLayout","depth":10,"isClickable":true,"left":56,"nodeId":25,"parentId":16,"right":1088,"top":152,"viewIdResourceName":"com.example.pptv:id/rl_search"},{"bottom":253,"childCount":0,"className":"android.widget.ImageView","depth":10,"isClickable":true,"left":1123,"nodeId":26,"parentId":16,"right":1270,"top":176,"viewIdResourceName":"com.example.pptv:id/iv_download"},{"bottom":254,"childCount":0,"className":"android.widget.ImageView","depth":10,"isClickable":true,"left":1270,"nodeId":27,"parentId":16,"right":1384,"top":175,"viewIdResourceName":"com.example.pptv:id/iv_history"},{"bottom":3200,"childCount":2,"className":"android.widget.RelativeLayout","depth":10,"isClickable":false,"left":87,"nodeId":28,"parentId":19,"right":273,"top":3014,"viewIdResourceName":"com.example.pptv:id/fl_container"},{"bottom":3200,"childCount":2,"className":"android.widget.RelativeLayout","depth":10,"isClickable":false,"left":447,"nodeId":29,"parentId":20,"right":633,"top":3014,"viewIdResourceName":"com.example.pptv:id/fl_container"},{"bottom":3200,"childCount":2,"className":"android.widget.RelativeLayout","depth":10,"isClickable":false,"left":807,"nodeId":30,"parentId":21,"right":993,"top":3014,"viewIdResourceName":"com.example.pptv:id/fl_container"},{"bottom":3200,"childCount":2,"className":"android.widget.RelativeLayout","depth":10,"isClickable":false,"left":1167,"nodeId":31,"parentId":22,"right":1353,"top":3014,"viewIdResourceName":"com.example.pptv:id/fl_container"},{"bottom":3200,"childCount":1,"className":"android.widget.FrameLayout","depth":10,"isClickable":false,"left":0,"nodeId":32,"parentId":23,"right":1440,"top":0,"viewIdResourceName":"com.example.pptv:id/splash_container"},{"bottom":3200,"childCount":1,"className":"android.widget.FrameLayout","depth":10,"isClickable":false,"left":0,"nodeId":33,"parentId":23,"right":1440,"top":2953,"viewIdResourceName":"com.example.pptv:id/iv_logo"},{"bottom":250,"childCount":0,"className":"android.widget.ImageView","depth":11,"isClickable":false,"left":112,"nodeId":34,"parentId":25,"right":182,"top":180,"viewIdResourceName":"com.example.pptv:id/iv_search"},{"bottom":278,"childCount":0,"className":"android.widget.TextView","depth":11,"isClickable":false,"left":224,"nodeId":35,"parentId":25,"right":616,"text":"搜索您想看的内容","top":152,"viewIdResourceName":"com.example.pptv:id/tv_search"},{"bottom":3151,"childCount":0,"className":"android.widget.ImageView","depth":11,"isClickable":false,"left":111,"nodeId":36,"parentId":28,"right":248,"top":3014,"viewIdResourceName":"com.example.pptv:id/iv_icon"},{"bottom":3180,"childCount":0,"className":"android.widget.TextView","depth":11,"isClickable":false,"left":145,"nodeId":37,"parentId":28,"right":215,"text":"首页","top":3133,"viewIdResourceName":"com.example.pptv:id/tv_icon"},{"bottom":3151,"childCount":0,"className":"android.widget.ImageView","depth":11,"isClickable":false,"left":471,"nodeId":38,"parentId":29,"right":608,"top":3014,"viewIdResourceName":"com.example.pptv:id/iv_icon"},{"bottom":3180,"childCount":0,"className":"android.widget.TextView","depth":11,"isClickable":false,"left":505,"nodeId":39,"parentId":29,"right":575,"text":"新片","top":3133,"viewIdResourceName":"com.example.pptv:id/tv_icon"},{"bottom":3151,"childCount":0,"className":"android.widget.ImageView","depth":11,"isClickable":false,"left":831,"nodeId":40,"parentId":30,"right":968,"top":3014,"viewIdResourceName":"com.example.pptv:id/iv_icon"},{"bottom":3180,"childCount":0,"className":"android.widget.TextView","depth":11,"isClickable":false,"left":865,"nodeId":41,"parentId":30,"right":935,"text":"视频","top":3133,"viewIdResourceName":"com.example.pptv:id/tv_icon"},{"bottom":3151,"childCount":0,"className":"android.widget.ImageView","depth":11,"isClickable":false,"left":1191,"nodeId":42,"parentId":31,"right":1328,"top":3014,"viewIdResourceName":"com.example.pptv:id/iv_icon"},{"bottom":3180,"childCount":0,"className":"android.widget.TextView","depth":11,"isClickable":false,"left":1225,"nodeId":43,"parentId":31,"right":1295,"text":"我的","top":3133,"viewIdResourceName":"com.example.pptv:id/tv_icon"},{"bottom":3200,"childCount":1,"className":"android.widget.FrameLayout","depth":11,"isClickable":false,"left":0,"nodeId":44,"parentId":32,"right":1440,"top":0},{"bottom":3107,"childCount":0,"className":"android.widget.ImageView","depth":11,"isClickable":false,"left":0,"nodeId":45,"parentId":33,"right":1440,"top":2953},{"bottom":3200,"childCount":1,"className":"android.widget.FrameLayout","depth":12,"isClickable":false,"left":0,"nodeId":46,"parentId":44,"right":1440,"top":0,"viewIdResourceName":"com.kwad.dy.sdk:id/ksad_splash_root_container"},{"bottom":3200,"childCount":1,"className":"android.widget.FrameLayout","depth":13,"isClickable":false,"left":0,"nodeId":47,"parentId":46,"right":1440,"top":0,"viewIdResourceName":"com.kwad.dy.sdk:id/splash_full_tk_play_card_view"},{"bottom":3200,"childCount":1,"className":"android.widget.FrameLayout","depth":14,"isClickable":false,"left":0,"nodeId":48,"parentId":47,"right":1440,"top":0},{"bottom":3200,"childCount":1,"className":"android.view.ViewGroup","depth":15,"isClickable":false,"left":0,"nodeId":49,"parentId":48,"right":1440,"top":0},{"bottom":3200,"childCount":1,"className":"android.view.ViewGroup","depth":16,"isClickable":false,"left":0,"nodeId":50,"parentId":49,"right":1440,"top":0},{"bottom":3200,"childCount":6,"className":"android.view.ViewGroup","depth":17,"isClickable":false,"left":0,"nodeId":51,"parentId":50,"right":1440,"top":0},{"bottom":3200,"childCount":0,"className":"android.view.ViewGroup","depth":18,"isClickable":false,"left":0,"nodeId":52,"parentId":51,"right":1440,"top":0},{"bottom":3200,"childCount":2,"className":"android.view.ViewGroup","depth":18,"isClickable":false,"left":0,"nodeId":53,"parentId":51,"right":1440,"top":0},{"bottom":3200,"childCount":1,"className":"android.view.ViewGroup","depth":18,"isClickable":false,"left":0,"nodeId":54,"parentId":51,"right":1440,"top":0},{"bottom":280,"childCount":0,"className":"android.view.ViewGroup","depth":18,"isClickable":false,"left":0,"nodeId":55,"parentId":51,"right":1440,"top":0},{"bottom":532,"childCount":2,"className":"android.view.ViewGroup","depth":18,"isClickable":false,"left":0,"nodeId":56,"parentId":51,"right":539,"top":119},{"bottom":3144,"childCount":2,"className":"android.view.ViewGroup","depth":18,"isClickable":false,"left":1236,"nodeId":57,"parentId":51,"right":1384,"top":3088},{"bottom":3200,"childCount":0,"className":"android.view.ViewGroup","depth":19,"isClickable":false,"left":0,"nodeId":58,"parentId":53,"right":1440,"top":0},{"bottom":3200,"childCount":0,"className":"android.widget.ImageView","depth":19,"isClickable":false,"left":0,"nodeId":59,"parentId":53,"right":1440,"top":3},{"bottom":3200,"childCount":2,"className":"android.view.ViewGroup","depth":19,"isClickable":false,"left":0,"nodeId":60,"parentId":54,"right":1440,"top":0},{"bottom":301,"childCount":0,"className":"android.widget.ImageView","depth":19,"isClickable":true,"left":56,"nodeId":61,"parentId":56,"right":182,"top":175},{"bottom":301,"childCount":1,"className":"android.view.ViewGroup","depth":19,"isClickable":false,"left":56,"nodeId":62,"parentId":56,"right":182,"top":175},{"bottom":3137,"childCount":0,"className":"android.widget.ImageView","depth":19,"isClickable":false,"left":1247,"nodeId":63,"parentId":57,"right":1289,"top":3095},{"bottom":3139,"childCount":0,"className":"android.widget.TextView","depth":19,"isClickable":false,"left":1303,"nodeId":64,"parentId":57,"right":1373,"text":"广告","top":3092},{"bottom":3200,"childCount":0,"className":"android.view.View","depth":20,"isClickable":false,"left":0,"nodeId":65,"parentId":60,"right":1440,"top":0},{"bottom":3200,"childCount":2,"className":"android.view.ViewGroup","depth":20,"isClickable":false,"left":0,"nodeId":66,"parentId":60,"right":1440,"top":2433},{"bottom":266,"childCount":0,"className":"android.widget.TextView","depth":20,"isClickable":false,"left":77,"nodeId":67,"parentId":62,"right":161,"text":"跳过","top":210},{"bottom":3200,"childCount":0,"className":"android.widget.ImageView","depth":21,"isClickable":false,"left":0,"nodeId":68,"parentId":66,"right":1440,"top":2433},{"bottom":2986,"childCount":2,"className":"android.view.ViewGroup","depth":21,"isClickable":false,"left":0,"nodeId":69,"parentId":66,"right":1440,"top":2867},{"bottom":2986,"childCount":2,"className":"android.view.ViewGroup","depth":22,"isClickable":false,"left":87,"nodeId":70,"parentId":69,"right":206,"top":2867},{"bottom":2973,"childCount":0,"className":"android.widget.TextView","depth":22,"isClickable":false,"left":233,"nodeId":71,"parentId":69,"right":1353,"text":"扭动或点击跳转详情页或第三方应用","top":2879},{"bottom":2986,"childCount":0,"className":"android.widget.ImageView","depth":23,"isClickable":false,"left":87,"nodeId":72,"parentId":70,"right":206,"top":2867},{"bottom":2986,"childCount":0,"className":"android.widget.ImageView","depth":23,"isClickable":false,"left":87,"nodeId":73,"parentId":70,"right":206,"top":2867}],"packageName":"com.example.pptv","screenHeight":3200,"screenWidth":1440}