{"activityName":"com.android.skip.ui.main.MainActivity","appName":"com.android.skip","createTime":1725532187461,"fileId":"4c600e5d-0ace-42c5-ae62-17032c72f497","nodes":[{"bottom":3200,"childCount":3,"className":"android.widget.FrameLayout","depth":0,"isClickable":false,"left":0,"nodeId":0,"parentId":-1,"right":1440,"top":0},{"bottom":3144,"childCount":1,"className":"android.widget.LinearLayout","depth":1,"isClickable":false,"left":0,"nodeId":1,"parentId":0,"right":1440,"top":0},{"bottom":120,"childCount":0,"className":"android.view.View","depth":1,"isClickable":false,"left":0,"nodeId":2,"parentId":0,"right":1440,"top":0,"viewIdResourceName":"android:id/statusBarBackground"},{"bottom":3200,"childCount":0,"className":"android.view.View","depth":1,"isClickable":false,"left":0,"nodeId":3,"parentId":0,"right":1440,"top":3144,"viewIdResourceName":"android:id/navigationBarBackground"},{"bottom":3144,"childCount":1,"className":"android.widget.FrameLayout","depth":2,"isClickable":false,"left":0,"nodeId":4,"parentId":1,"right":1440,"top":120},{"bottom":3144,"childCount":1,"className":"android.widget.LinearLayout","depth":3,"isClickable":false,"left":0,"nodeId":5,"parentId":4,"right":1440,"top":120,"viewIdResourceName":"com.android.skip:id/action_bar_root"},{"bottom":3144,"childCount":1,"className":"android.widget.FrameLayout","depth":4,"isClickable":false,"left":0,"nodeId":6,"parentId":5,"right":1440,"top":120,"viewIdResourceName":"android:id/content"},{"bottom":3144,"childCount":1,"className":"androidx.compose.ui.platform.ComposeView","depth":5,"isClickable":false,"left":0,"nodeId":7,"parentId":6,"right":1440,"top":120},{"bottom":3144,"childCount":7,"className":"android.view.View","depth":6,"isClickable":false,"left":0,"nodeId":8,"parentId":7,"right":1440,"top":120},{"bottom":456,"childCount":0,"className":"android.widget.TextView","depth":7,"isClickable":false,"left":112,"nodeId":9,"parentId":8,"right":301,"text":"SKIP","top":344},{"bottom":792,"childCount":3,"className":"android.view.View","depth":7,"isClickable":true,"left":112,"nodeId":10,"parentId":8,"right":1328,"top":512},{"bottom":1058,"childCount":2,"className":"android.view.View","depth":7,"isClickable":true,"left":112,"nodeId":11,"parentId":8,"right":1328,"top":848},{"bottom":1324,"childCount":2,"className":"android.view.View","depth":7,"isClickable":true,"left":112,"nodeId":12,"parentId":8,"right":1328,"top":1114},{"bottom":1590,"childCount":2,"className":"android.view.View","depth":7,"isClickable":true,"left":112,"nodeId":13,"parentId":8,"right":1328,"top":1380},{"bottom":1856,"childCount":2,"className":"android.view.View","depth":7,"isClickable":true,"left":112,"nodeId":14,"parentId":8,"right":1328,"top":1646},{"bottom":2122,"childCount":2,"className":"android.view.View","depth":7,"isClickable":true,"left":112,"nodeId":15,"parentId":8,"right":1328,"top":1912},{"bottom":694,"childCount":0,"className":"android.view.View","depth":8,"isClickable":false,"left":182,"nodeId":16,"parentId":10,"right":266,"top":610},{"bottom":689,"childCount":0,"className":"android.widget.TextView","depth":8,"isClickable":false,"left":322,"nodeId":17,"parentId":10,"right":493,"text":"运行中","top":615},{"bottom":792,"childCount":0,"className":"android.widget.Button","depth":8,"isClickable":false,"left":112,"nodeId":18,"parentId":10,"right":1328,"top":512},{"bottom":990,"childCount":0,"className":"android.widget.TextView","depth":8,"isClickable":false,"left":322,"nodeId":19,"parentId":11,"right":549,"text":"应用保活","top":916},{"bottom":1058,"childCount":0,"className":"android.widget.Button","depth":8,"isClickable":false,"left":112,"nodeId":20,"parentId":11,"right":1328,"top":848},{"bottom":1256,"childCount":0,"className":"android.widget.TextView","depth":8,"isClickable":false,"left":322,"nodeId":21,"parentId":12,"right":605,"text":"应用白名单","top":1182},{"bottom":1324,"childCount":0,"className":"android.widget.Button","depth":8,"isClickable":false,"left":112,"nodeId":22,"parentId":12,"right":1328,"top":1114},{"bottom":1522,"childCount":0,"className":"android.widget.TextView","depth":8,"isClickable":false,"left":322,"nodeId":23,"parentId":13,"right":549,"text":"布局检查","top":1448},{"bottom":1590,"childCount":0,"className":"android.widget.Button","depth":8,"isClickable":false,"left":112,"nodeId":24,"parentId":13,"right":1328,"top":1380},{"bottom":1788,"childCount":0,"className":"android.widget.TextView","depth":8,"isClickable":false,"left":322,"nodeId":25,"parentId":14,"right":436,"text":"设置","top":1714},{"bottom":1856,"childCount":0,"className":"android.widget.Button","depth":8,"isClickable":false,"left":112,"nodeId":26,"parentId":14,"right":1328,"top":1646},{"bottom":2054,"childCount":0,"className":"android.widget.TextView","depth":8,"isClickable":false,"left":322,"nodeId":27,"parentId":15,"right":436,"text":"关于","top":1980},{"bottom":2122,"childCount":0,"className":"android.widget.Button","depth":8,"isClickable":false,"left":112,"nodeId":28,"parentId":15,"right":1328,"top":1912}],"packageName":"com.android.skip","screenHeight":3200,"screenWidth":1440}